-- =============================================================================
-- PHASE 4 — Ontology Layers 1-3 (+ inference, graph tools, provenance)
-- HEALTHCARE_ONTOLOGY  ·  target: CLINICAL_EMR.ONTOLOGY  ·  build role: SYSADMIN
-- =============================================================================
-- Generated by the ontology-stack-builder (KG path). These are the exact
-- statements deployed to build the live ontology, in execution order.
--
-- Sources span three databases (read): CLINICAL_EMR.EHR, PAYER_CLAIMS.CLAIMS,
-- PHARMACY_OPS.RX. All ontology objects are created in CLINICAL_EMR.ONTOLOGY.
--
-- Execution order within this file (each section is a numbered sub-script from
-- the build): 01 -> 02 -> 03 -> 04 -> 04b -> 05 -> 06 -> 07 -> 08.
--
-- NOTE: Section 01 hand-authored the cross-system entity-resolution load
-- (canonical PATIENT_KEY, NPI-unified Practitioner, RxNorm recovery, dotted
-- ICD-10) that the generic generator cannot express. Sections 02-08 are the
-- generator output (05 replaced with the KG-correct regenerator).
-- =============================================================================



-- =============================================================================
-- >>> Layer 1 — Physical KG tables, ICD canonicalization UDF, cross-system resolution staging views, and KG load
-- >>> (build sub-script: 01_physical_layer.sql)
-- =============================================================================

-- ============================================================================
-- Layer 1: Physical KG Tables + Cross-System Entity Resolution Load
-- HEALTHCARE_ONTOLOGY  (hand-authored; replaces naive generator output)
-- Target: CLINICAL_EMR.ONTOLOGY  (sources span 3 databases)
-- ============================================================================
CREATE SCHEMA IF NOT EXISTS CLINICAL_EMR.ONTOLOGY;
USE SCHEMA CLINICAL_EMR.ONTOLOGY;

-- ---- KG storage ------------------------------------------------------------
CREATE OR REPLACE TABLE KG_NODE (
    NODE_ID      STRING NOT NULL,
    NODE_TYPE    STRING NOT NULL,
    NAME         STRING,
    PROPS        VARIANT,
    TS_INGESTED  TIMESTAMP_NTZ DEFAULT CURRENT_TIMESTAMP(),
    CONSTRAINT PK_KG_NODE PRIMARY KEY (NODE_ID)
) CLUSTER BY (NODE_TYPE);

CREATE OR REPLACE TABLE KG_EDGE (
    EDGE_ID         STRING NOT NULL,
    SRC_ID          STRING NOT NULL,
    DST_ID          STRING NOT NULL,
    EDGE_TYPE       STRING NOT NULL,
    WEIGHT          FLOAT DEFAULT 1.0,
    PROPS           VARIANT,
    EFFECTIVE_START DATE,
    EFFECTIVE_END   DATE,
    TS_INGESTED     TIMESTAMP_NTZ DEFAULT CURRENT_TIMESTAMP(),
    CONSTRAINT PK_KG_EDGE PRIMARY KEY (EDGE_ID)
) CLUSTER BY (EDGE_TYPE, SRC_ID, DST_ID);

-- ---- Canonicalization helper: dotted ICD-10 --------------------------------
CREATE OR REPLACE FUNCTION FN_ICD10_DOTTED(code STRING)
RETURNS STRING
AS $$
  CASE WHEN code IS NULL THEN NULL
       WHEN POSITION('.' IN code) > 0 THEN UPPER(TRIM(code))
       WHEN LENGTH(TRIM(code)) > 3 THEN LEFT(UPPER(TRIM(code)),3)||'.'||SUBSTR(UPPER(TRIM(code)),4)
       ELSE UPPER(TRIM(code)) END
$$;

-- ============================================================================
-- STAGING / RESOLUTION VIEWS  (identity crosswalks)
-- ============================================================================

-- claims MEMBER_ID -> canonical MRN  (strong: INS_MEMBER_ID)
CREATE OR REPLACE VIEW STG_MAP_MEMBER AS
SELECT m.MEMBER_ID, p.MRN
FROM PAYER_CLAIMS.CLAIMS.MEMBER m
JOIN CLINICAL_EMR.EHR.PATIENT_MASTER p ON p.INS_MEMBER_ID = m.MEMBER_ID;

-- pharmacy RX_MEMBER_ID -> canonical MRN  (SSN, else DOB + last name; nickname-tolerant)
CREATE OR REPLACE VIEW STG_MAP_RX AS
SELECT s.RX_MEMBER_ID,
       COALESCE(p_ssn.MRN, p_nd.MRN) AS MRN,
       IFF(p_ssn.MRN IS NOT NULL,'SSN','NAME_DOB') AS MATCH_BASIS
FROM PHARMACY_OPS.RX.SUBSCRIBER s
LEFT JOIN CLINICAL_EMR.EHR.PATIENT_MASTER p_ssn
       ON s.PATIENT_SSN IS NOT NULL AND p_ssn.SSN = s.PATIENT_SSN
LEFT JOIN CLINICAL_EMR.EHR.PATIENT_MASTER p_nd
       ON s.PATIENT_SSN IS NULL
      AND p_nd.DOB = s.DOB
      AND UPPER(p_nd.LAST_NAME) = UPPER(SPLIT_PART(s.PATIENT_NAME,' ',-1));

-- local PHYSICIAN_ID -> universal NPI
CREATE OR REPLACE VIEW STG_PHYS_LOCAL AS
SELECT PHYSICIAN_ID, NPI FROM CLINICAL_EMR.EHR.PHYSICIAN;

-- EMR DRUG_NAME -> RxNorm via text match (generic leading word + strength number)
CREATE OR REPLACE VIEW STG_DRUG_TEXT_MATCH AS
SELECT d.DRUG_NAME, MIN(n.RXNORM_CODE) AS RXNORM_CODE
FROM (SELECT DISTINCT DRUG_NAME FROM CLINICAL_EMR.EHR.MEDICATION) d
JOIN PHARMACY_OPS.RX.NDC_PRODUCT n
  ON UPPER(SPLIT_PART(d.DRUG_NAME,' ',1)) = UPPER(SPLIT_PART(n.GENERIC_NAME,' ',1))
 AND ( REGEXP_SUBSTR(d.DRUG_NAME,'[0-9]+') IS NULL
       OR REGEXP_SUBSTR(d.DRUG_NAME,'[0-9]+') = REGEXP_SUBSTR(n.STRENGTH,'[0-9]+') )
GROUP BY d.DRUG_NAME;

-- NDC -> RxNorm crosswalk (pharmacy fills)
CREATE OR REPLACE VIEW STG_NDC_RXNORM AS
SELECT NDC, RXNORM_CODE FROM PHARMACY_OPS.RX.NDC_PRODUCT;

-- Canonical patient attributes (anchored on EMR MRN, enriched w/ system presence)
CREATE OR REPLACE VIEW STG_PATIENT AS
SELECT
    p.MRN                              AS PATIENT_KEY,
    p.MRN,
    p.INS_MEMBER_ID                    AS MEMBER_ID,
    rx.RX_MEMBER_ID,
    p.SSN,
    p.FIRST_NAME||' '||p.LAST_NAME     AS FULL_NAME,
    p.FIRST_NAME, p.LAST_NAME, p.DOB,
    p.SEX                              AS GENDER,
    p.CITY, p.STATE, p.ZIP, p.PHONE,
    p.PCP_NPI,
    'EHR'
      || IFF(mm.MRN IS NOT NULL, ',CLAIMS','')
      || IFF(rx.MRN IS NOT NULL, ',PHARMACY','')   AS SOURCE_SYSTEMS
FROM CLINICAL_EMR.EHR.PATIENT_MASTER p
LEFT JOIN STG_MAP_MEMBER mm ON mm.MRN = p.MRN
LEFT JOIN STG_MAP_RX    rx  ON rx.MRN = p.MRN;

-- Canonical practitioner (anchored on NPI; three name spellings + specialties)
CREATE OR REPLACE VIEW STG_PRACTITIONER AS
SELECT
    ph.NPI,
    ph.FULL_NAME                       AS FULL_NAME,       -- EMR canonical display
    ph.FULL_NAME                       AS NAME_EMR,
    rp.PROVIDER_NAME                   AS NAME_CLAIMS,
    pr.PRESCRIBER_NAME                 AS NAME_PHARMACY,
    ph.SPECIALTY                       AS SPECIALTY,        -- EMR canonical wins
    rp.PROVIDER_TYPE                   AS SPECIALTY_RAW_CLAIMS,
    ph.PHYSICIAN_ID                    AS LOCAL_PHYSICIAN_ID,
    ph.DEPT_ID,
    pr.DEA_NUMBER,
    'EHR'
      || IFF(rp.RENDERING_NPI IS NOT NULL, ',CLAIMS','')
      || IFF(pr.PRESCRIBER_ID IS NOT NULL, ',PHARMACY','') AS SOURCE_SYSTEMS
FROM CLINICAL_EMR.EHR.PHYSICIAN ph
LEFT JOIN PAYER_CLAIMS.CLAIMS.RENDERING_PROVIDER rp ON rp.RENDERING_NPI = ph.NPI
LEFT JOIN PHARMACY_OPS.RX.PRESCRIBER pr            ON pr.PRESCRIBER_ID  = ph.NPI;

-- Distinct facilities
CREATE OR REPLACE VIEW STG_FACILITY AS
SELECT DISTINCT FACILITY_NAME,
       'FAC:'||UPPER(REPLACE(REPLACE(FACILITY_NAME,' ','_'),'''','')) AS FACILITY_KEY
FROM CLINICAL_EMR.EHR.DEPARTMENT
WHERE FACILITY_NAME IS NOT NULL;

-- Distinct payers (union across all three systems, normalized)
CREATE OR REPLACE VIEW STG_PAYER AS
SELECT PAYER_NAME,
       'PAYER:'||UPPER(REPLACE(PAYER_NAME,' ','_')) AS PAYER_ID,
       LISTAGG(DISTINCT SRC, ',') WITHIN GROUP (ORDER BY SRC) AS SOURCE_SYSTEMS
FROM (
    SELECT TRIM(PLAN_NAME) AS PAYER_NAME, 'CLAIMS' SRC FROM PAYER_CLAIMS.CLAIMS.MEMBER WHERE PLAN_NAME IS NOT NULL
    UNION ALL
    SELECT TRIM(INS_PAYER_NAME), 'EHR' FROM CLINICAL_EMR.EHR.PATIENT_MASTER WHERE INS_PAYER_NAME IS NOT NULL
    UNION ALL
    SELECT TRIM(PLAN_NAME), 'CLAIMS_LINE' FROM PAYER_CLAIMS.CLAIMS.CLAIMS_LINE WHERE PLAN_NAME IS NOT NULL
)
GROUP BY PAYER_NAME;

-- Medication order RxNorm resolution (direct else text-recovered)
CREATE OR REPLACE VIEW STG_MEDREQUEST AS
SELECT
    m.MED_ORDER_ID, m.MRN AS PATIENT_KEY, pl.NPI AS PHYSICIAN_NPI,
    m.ORDER_DATE, m.DRUG_NAME, m.RXNORM_CODE,
    COALESCE(m.RXNORM_CODE, tx.RXNORM_CODE) AS RXNORM_RESOLVED,
    (m.RXNORM_CODE IS NULL)                 AS RXNORM_WAS_NULL,
    m.SIG, m.QUANTITY, m.REFILLS
FROM CLINICAL_EMR.EHR.MEDICATION m
LEFT JOIN STG_PHYS_LOCAL pl      ON pl.PHYSICIAN_ID = m.PHYSICIAN_ID
LEFT JOIN STG_DRUG_TEXT_MATCH tx ON tx.DRUG_NAME    = m.DRUG_NAME;

-- Pharmacy dispense resolution (patient + NDC->RxNorm)
CREATE OR REPLACE VIEW STG_DISPENSE AS
SELECT
    f.FILL_ID, f.RX_MEMBER_ID, rx.MRN AS PATIENT_KEY, f.PRESCRIBER_ID AS PRESCRIBER_NPI,
    f.NDC, nr.RXNORM_CODE, f.DRUG_DESC, f.WRITTEN_DATE, f.FILL_DATE,
    f.DAYS_SUPPLY, f.QUANTITY, f.FILL_STATUS
FROM PHARMACY_OPS.RX.PHARMACY_FILL f
LEFT JOIN STG_MAP_RX rx     ON rx.RX_MEMBER_ID = f.RX_MEMBER_ID
LEFT JOIN STG_NDC_RXNORM nr ON nr.NDC          = f.NDC;

-- Claim header aggregation (from overloaded CLAIMS_LINE)
CREATE OR REPLACE VIEW STG_CLAIM AS
SELECT
    cl.CLAIM_ID,
    MAX(cl.MEMBER_ID)        AS MEMBER_ID,
    MAX(cl.SUBSCRIBER_ID)    AS SUBSCRIBER_ID,
    MAX(mm.MRN)              AS PATIENT_KEY,
    MAX(cl.PLAN_NAME)        AS PLAN_NAME,
    MAX(cl.RENDERING_NPI)    AS RENDERING_NPI,
    MAX(cl.SERVICE_DATE)     AS SERVICE_DATE,
    MAX(cl.POS_CODE)         AS POS_CODE,
    MAX(cl.CLAIM_STATUS)     AS CLAIM_STATUS,
    SUM(cl.CHARGE_AMT)       AS TOTAL_CHARGE,
    SUM(cl.PAID_AMT)         AS TOTAL_PAID
FROM PAYER_CLAIMS.CLAIMS.CLAIMS_LINE cl
LEFT JOIN STG_MAP_MEMBER mm ON mm.MEMBER_ID = cl.MEMBER_ID
GROUP BY cl.CLAIM_ID;

-- ============================================================================
-- KG_NODE LOADS  (one canonical node per resolved entity; lowercase PROPS keys)
-- ============================================================================

-- Patient
INSERT INTO KG_NODE (NODE_ID, NODE_TYPE, NAME, PROPS)
SELECT 'PT:'||PATIENT_KEY, 'Patient', FULL_NAME,
  OBJECT_CONSTRUCT('mrn',MRN,'member_id',MEMBER_ID,'rx_member_id',RX_MEMBER_ID,'ssn',SSN,
    'full_name',FULL_NAME,'first_name',FIRST_NAME,'last_name',LAST_NAME,'dob',TO_VARCHAR(DOB),
    'gender',GENDER,'city',CITY,'state',STATE,'zip',ZIP,'phone',PHONE,'source_systems',SOURCE_SYSTEMS)
FROM STG_PATIENT;

-- Practitioner
INSERT INTO KG_NODE (NODE_ID, NODE_TYPE, NAME, PROPS)
SELECT 'PR:'||NPI, 'Practitioner', FULL_NAME,
  OBJECT_CONSTRUCT('npi',NPI,'full_name',FULL_NAME,'name_emr',NAME_EMR,'name_claims',NAME_CLAIMS,
    'name_pharmacy',NAME_PHARMACY,'specialty',SPECIALTY,'specialty_raw_claims',SPECIALTY_RAW_CLAIMS,
    'local_physician_id',LOCAL_PHYSICIAN_ID,'dept_id',DEPT_ID,'dea_number',DEA_NUMBER,'source_systems',SOURCE_SYSTEMS)
FROM STG_PRACTITIONER;

-- RelatedPerson (next-of-kin; resolved to an existing patient by name where possible)
INSERT INTO KG_NODE (NODE_ID, NODE_TYPE, NAME, PROPS)
SELECT 'RP:'||p.MRN, 'RelatedPerson', p.KIN_NAME,
  OBJECT_CONSTRUCT('kin_name',p.KIN_NAME,'kin_relation',p.KIN_RELATION,'kin_phone',p.KIN_PHONE,
    'patient_key',p.MRN,'resolved_patient_key',rp.MRN)
FROM CLINICAL_EMR.EHR.PATIENT_MASTER p
LEFT JOIN CLINICAL_EMR.EHR.PATIENT_MASTER rp
       ON UPPER(rp.FIRST_NAME||' '||rp.LAST_NAME) = UPPER(p.KIN_NAME) AND rp.MRN <> p.MRN
WHERE p.KIN_NAME IS NOT NULL;

-- Payer
INSERT INTO KG_NODE (NODE_ID, NODE_TYPE, NAME, PROPS)
SELECT PAYER_ID, 'Payer', PAYER_NAME,
  OBJECT_CONSTRUCT('payer_name',PAYER_NAME,'source_systems',SOURCE_SYSTEMS)
FROM STG_PAYER;

-- Facility
INSERT INTO KG_NODE (NODE_ID, NODE_TYPE, NAME, PROPS)
SELECT FACILITY_KEY, 'Facility', FACILITY_NAME,
  OBJECT_CONSTRUCT('facility_key',FACILITY_KEY,'facility_name',FACILITY_NAME)
FROM STG_FACILITY;

-- Location (department)
INSERT INTO KG_NODE (NODE_ID, NODE_TYPE, NAME, PROPS)
SELECT 'LOC:'||d.DEPT_ID, 'Location', d.DEPT_NAME,
  OBJECT_CONSTRUCT('dept_id',d.DEPT_ID,'dept_name',d.DEPT_NAME,'facility_name',d.FACILITY_NAME,
    'facility_key','FAC:'||UPPER(REPLACE(REPLACE(d.FACILITY_NAME,' ','_'),'''','')),
    'address',d.ADDRESS,'city',d.CITY,'state',d.STATE,'zip',d.ZIP)
FROM CLINICAL_EMR.EHR.DEPARTMENT d;

-- ServiceSetting (CMS POS)
INSERT INTO KG_NODE (NODE_ID, NODE_TYPE, NAME, PROPS)
SELECT 'SVC:'||POS_CODE, 'ServiceSetting', POS_DESCRIPTION,
  OBJECT_CONSTRUCT('pos_code',POS_CODE,'pos_description',POS_DESCRIPTION)
FROM PAYER_CLAIMS.CLAIMS.PLACE_OF_SERVICE;

-- Encounter
INSERT INTO KG_NODE (NODE_ID, NODE_TYPE, NAME, PROPS)
SELECT 'ENC:'||v.VISIT_ID, 'Encounter', v.VISIT_ID,
  OBJECT_CONSTRUCT('visit_id',v.VISIT_ID,'visit_date',TO_VARCHAR(v.VISIT_DATE),'visit_type',v.VISIT_TYPE,
    'status',v.STATUS,'patient_key',v.MRN,'npi',pl.NPI,'dept_id',v.DEPT_ID,'primary_icd10',v.PRIMARY_ICD10)
FROM CLINICAL_EMR.EHR.VISIT v
LEFT JOIN STG_PHYS_LOCAL pl ON pl.PHYSICIAN_ID = v.PHYSICIAN_ID;

-- Claim
INSERT INTO KG_NODE (NODE_ID, NODE_TYPE, NAME, PROPS)
SELECT 'CLM:'||CLAIM_ID, 'Claim', CLAIM_ID,
  OBJECT_CONSTRUCT('claim_id',CLAIM_ID,'member_id',MEMBER_ID,'subscriber_id',SUBSCRIBER_ID,'patient_key',PATIENT_KEY,
    'plan_name',PLAN_NAME,'rendering_npi',RENDERING_NPI,'service_date',TO_VARCHAR(SERVICE_DATE),'pos_code',POS_CODE,
    'claim_status',CLAIM_STATUS,'total_charge',TOTAL_CHARGE,'total_paid',TOTAL_PAID)
FROM STG_CLAIM;

-- ClaimLine
INSERT INTO KG_NODE (NODE_ID, NODE_TYPE, NAME, PROPS)
SELECT 'CLL:'||cl.CLAIM_ID||':'||cl.LINE_NO, 'ClaimLine', cl.CPT_DESC,
  OBJECT_CONSTRUCT('claim_id',cl.CLAIM_ID,'line_no',cl.LINE_NO,'cpt_code',cl.CPT_CODE,'cpt_desc',cl.CPT_DESC,
    'dx_code',cl.DX_CODE,'dx_canonical',FN_ICD10_DOTTED(cl.DX_CODE),
    'charge_amt',cl.CHARGE_AMT,'allowed_amt',cl.ALLOWED_AMT,'paid_amt',cl.PAID_AMT)
FROM PAYER_CLAIMS.CLAIMS.CLAIMS_LINE cl;

-- MedicationRequest
INSERT INTO KG_NODE (NODE_ID, NODE_TYPE, NAME, PROPS)
SELECT 'MR:'||MED_ORDER_ID, 'MedicationRequest', DRUG_NAME,
  OBJECT_CONSTRUCT('med_order_id',MED_ORDER_ID,'patient_key',PATIENT_KEY,'physician_npi',PHYSICIAN_NPI,
    'order_date',TO_VARCHAR(ORDER_DATE),'drug_name',DRUG_NAME,'rxnorm_code',RXNORM_CODE,
    'rxnorm_resolved',RXNORM_RESOLVED,'rxnorm_was_null',RXNORM_WAS_NULL,'sig',SIG,'quantity',QUANTITY,'refills',REFILLS)
FROM STG_MEDREQUEST;

-- MedicationDispense
INSERT INTO KG_NODE (NODE_ID, NODE_TYPE, NAME, PROPS)
SELECT 'MD:'||FILL_ID, 'MedicationDispense', DRUG_DESC,
  OBJECT_CONSTRUCT('fill_id',FILL_ID,'rx_member_id',RX_MEMBER_ID,'patient_key',PATIENT_KEY,'prescriber_npi',PRESCRIBER_NPI,
    'ndc',NDC,'rxnorm_code',RXNORM_CODE,'drug_desc',DRUG_DESC,'written_date',TO_VARCHAR(WRITTEN_DATE),
    'fill_date',TO_VARCHAR(FILL_DATE),'days_supply',DAYS_SUPPLY,'quantity',QUANTITY,'fill_status',FILL_STATUS)
FROM STG_DISPENSE;

-- Observation: vitals (from VISIT, unpivoted via UNION ALL)
INSERT INTO KG_NODE (NODE_ID, NODE_TYPE, NAME, PROPS)
SELECT 'OBS:V:'||VISIT_ID||':'||code, 'Observation', obs_name,
  OBJECT_CONSTRUCT('obs_kind','VITAL','obs_code',code,'obs_name',obs_name,'value_num',val,'unit',unit,
    'obs_date',TO_VARCHAR(VISIT_DATE),'patient_key',MRN,'visit_id',VISIT_ID)
FROM (
  SELECT VISIT_ID, VISIT_DATE, MRN, 'BP_SYSTOLIC' code, 'Systolic Blood Pressure' obs_name, BP_SYSTOLIC val, 'mmHg' unit FROM CLINICAL_EMR.EHR.VISIT
  UNION ALL SELECT VISIT_ID, VISIT_DATE, MRN, 'BP_DIASTOLIC','Diastolic Blood Pressure', BP_DIASTOLIC, 'mmHg' FROM CLINICAL_EMR.EHR.VISIT
  UNION ALL SELECT VISIT_ID, VISIT_DATE, MRN, 'WEIGHT_KG','Body Weight', WEIGHT_KG, 'kg' FROM CLINICAL_EMR.EHR.VISIT
  UNION ALL SELECT VISIT_ID, VISIT_DATE, MRN, 'A1C_PCT','Hemoglobin A1c', A1C_PCT, '%' FROM CLINICAL_EMR.EHR.VISIT
)
WHERE val IS NOT NULL;

-- Observation: labs (from LAB_RESULTS, unpivoted via UNION ALL)
INSERT INTO KG_NODE (NODE_ID, NODE_TYPE, NAME, PROPS)
SELECT 'OBS:L:'||LAB_ID||':'||code, 'Observation', obs_name,
  OBJECT_CONSTRUCT('obs_kind','LAB','obs_code',code,'obs_name',obs_name,'value_num',val,'unit',unit,
    'obs_date',TO_VARCHAR(COLLECT_DATE),'patient_key',MRN,'visit_id',NULL)
FROM (
  SELECT LAB_ID, COLLECT_DATE, MRN, 'GLUCOSE_MGDL' code, 'Glucose' obs_name, GLUCOSE_MGDL val, 'mg/dL' unit FROM CLINICAL_EMR.EHR.LAB_RESULTS
  UNION ALL SELECT LAB_ID, COLLECT_DATE, MRN, 'HBA1C_PCT','Hemoglobin A1c', HBA1C_PCT, '%' FROM CLINICAL_EMR.EHR.LAB_RESULTS
  UNION ALL SELECT LAB_ID, COLLECT_DATE, MRN, 'LDL_MGDL','LDL Cholesterol', LDL_MGDL, 'mg/dL' FROM CLINICAL_EMR.EHR.LAB_RESULTS
  UNION ALL SELECT LAB_ID, COLLECT_DATE, MRN, 'CREATININE_MGDL','Creatinine', CREATININE_MGDL, 'mg/dL' FROM CLINICAL_EMR.EHR.LAB_RESULTS
  UNION ALL SELECT LAB_ID, COLLECT_DATE, MRN, 'EGFR','eGFR', EGFR, 'mL/min/1.73m2' FROM CLINICAL_EMR.EHR.LAB_RESULTS
)
WHERE val IS NOT NULL;

-- Condition (canonical dotted ICD-10; union EMR problem list + visit + claims, prefer described)
INSERT INTO KG_NODE (NODE_ID, NODE_TYPE, NAME, PROPS)
SELECT 'CND:'||icd_dotted, 'Condition', ANY_VALUE(icd_desc),
  OBJECT_CONSTRUCT('icd10_dotted',icd_dotted,'icd10_nodot',REPLACE(icd_dotted,'.',''),
    'icd10_desc',ANY_VALUE(icd_desc),'snomed_code',ANY_VALUE(snomed),
    'source_systems',LISTAGG(DISTINCT src,',') WITHIN GROUP (ORDER BY src))
FROM (
    SELECT FN_ICD10_DOTTED(ICD10_CODE) icd_dotted, ICD10_DESC icd_desc, SNOMED_CODE snomed, 'PROBLEM_LIST' src
      FROM CLINICAL_EMR.EHR.PROBLEM_LIST WHERE ICD10_CODE IS NOT NULL
    UNION ALL
    SELECT FN_ICD10_DOTTED(PRIMARY_ICD10), NULL, NULL, 'VISIT'
      FROM CLINICAL_EMR.EHR.VISIT WHERE PRIMARY_ICD10 IS NOT NULL
    UNION ALL
    SELECT FN_ICD10_DOTTED(DX_CODE), CPT_DESC_IGNORE, NULL, 'CLAIMS_LINE'
      FROM (SELECT DISTINCT DX_CODE, NULL CPT_DESC_IGNORE FROM PAYER_CLAIMS.CLAIMS.CLAIMS_LINE WHERE DX_CODE IS NOT NULL)
)
GROUP BY icd_dotted;

-- Procedure (distinct CPT)
INSERT INTO KG_NODE (NODE_ID, NODE_TYPE, NAME, PROPS)
SELECT 'PROC:'||CPT_CODE, 'Procedure', ANY_VALUE(CPT_DESC),
  OBJECT_CONSTRUCT('cpt_code',CPT_CODE,'cpt_desc',ANY_VALUE(CPT_DESC))
FROM PAYER_CLAIMS.CLAIMS.CLAIMS_LINE WHERE CPT_CODE IS NOT NULL
GROUP BY CPT_CODE;

-- Medication (canonical RxNorm from NDC_PRODUCT master)
INSERT INTO KG_NODE (NODE_ID, NODE_TYPE, NAME, PROPS)
SELECT 'MED:'||RXNORM_CODE, 'Medication', ANY_VALUE(GENERIC_NAME),
  OBJECT_CONSTRUCT('rxnorm_code',RXNORM_CODE,'generic_name',ANY_VALUE(GENERIC_NAME),'brand_name',ANY_VALUE(BRAND_NAME),
    'strength',ANY_VALUE(STRENGTH),'dosage_form',ANY_VALUE(DOSAGE_FORM),'ndc_example',MIN(NDC))
FROM PHARMACY_OPS.RX.NDC_PRODUCT WHERE RXNORM_CODE IS NOT NULL
GROUP BY RXNORM_CODE;

-- Coverage: claims-side (from MEMBER)
INSERT INTO KG_NODE (NODE_ID, NODE_TYPE, NAME, PROPS)
SELECT 'COV:'||m.MEMBER_ID, 'Coverage', m.PLAN_NAME,
  OBJECT_CONSTRUCT('coverage_id','COV:'||m.MEMBER_ID,'coverage_source','CLAIMS','patient_key',mm.MRN,
    'payer_name',m.PLAN_NAME,'plan_name',m.PLAN_NAME,'group_no',m.GROUP_NO,'member_id',m.MEMBER_ID,
    'subscriber_id',m.SUBSCRIBER_ID,'relationship',m.RELATIONSHIP,
    'effective_date',TO_VARCHAR(m.EFFECTIVE_DATE),'term_date',TO_VARCHAR(m.TERM_DATE))
FROM PAYER_CLAIMS.CLAIMS.MEMBER m
LEFT JOIN STG_MAP_MEMBER mm ON mm.MEMBER_ID = m.MEMBER_ID;

-- Coverage: EMR inline (from PATIENT_MASTER)
INSERT INTO KG_NODE (NODE_ID, NODE_TYPE, NAME, PROPS)
SELECT 'COVEMR:'||p.MRN, 'Coverage', p.INS_PAYER_NAME,
  OBJECT_CONSTRUCT('coverage_id','COVEMR:'||p.MRN,'coverage_source','EMR','patient_key',p.MRN,
    'payer_name',p.INS_PAYER_NAME,'plan_name',p.INS_PAYER_NAME,'group_no',p.INS_GROUP,'member_id',p.INS_MEMBER_ID,
    'subscriber_id',NULL,'relationship',NULL,'effective_date',NULL,'term_date',NULL)
FROM CLINICAL_EMR.EHR.PATIENT_MASTER p
WHERE p.INS_PAYER_NAME IS NOT NULL;

-- TBox: one node per ontology class (for hierarchy traversal UDFs)
INSERT INTO KG_NODE (NODE_ID, NODE_TYPE, NAME, PROPS)
SELECT 'CLASS:'||c.class_name, 'OntologyClass', c.class_name,
  OBJECT_CONSTRUCT('class_name',c.class_name,'parent',c.parent,'is_abstract',c.is_abstract)
FROM (
  SELECT * FROM (VALUES
    ('Entity',NULL,TRUE),('Person','Entity',TRUE),('Organization','Entity',TRUE),('Act','Entity',TRUE),('Concept','Entity',TRUE),
    ('Patient','Person',FALSE),('Practitioner','Person',FALSE),('RelatedPerson','Person',FALSE),
    ('Payer','Organization',FALSE),('Facility','Organization',FALSE),
    ('Encounter','Act',FALSE),('Claim','Act',FALSE),('ClaimLine','Act',FALSE),('MedicationRequest','Act',FALSE),
    ('MedicationDispense','Act',FALSE),('Observation','Act',FALSE),
    ('Condition','Concept',FALSE),('Procedure','Concept',FALSE),('Medication','Concept',FALSE),('ServiceSetting','Concept',FALSE),
    ('Location','Entity',FALSE),('Coverage','Entity',FALSE)
  ) AS t(class_name, parent, is_abstract)
) c;

-- ============================================================================
-- KG_EDGE LOADS
-- ============================================================================

-- subClassOf (TBox hierarchy)
INSERT INTO KG_EDGE (EDGE_ID, SRC_ID, DST_ID, EDGE_TYPE)
SELECT 'E:subClassOf:'||child, 'CLASS:'||child, 'CLASS:'||parent, 'subClassOf'
FROM (
  SELECT * FROM (VALUES
    ('Person','Entity'),('Organization','Entity'),('Act','Entity'),('Concept','Entity'),
    ('Patient','Person'),('Practitioner','Person'),('RelatedPerson','Person'),
    ('Payer','Organization'),('Facility','Organization'),
    ('Encounter','Act'),('Claim','Act'),('ClaimLine','Act'),('MedicationRequest','Act'),
    ('MedicationDispense','Act'),('Observation','Act'),
    ('Condition','Concept'),('Procedure','Concept'),('Medication','Concept'),('ServiceSetting','Concept'),
    ('Location','Entity'),('Coverage','Entity')
  ) AS t(child, parent)
);

-- patient_has_pcp
INSERT INTO KG_EDGE (EDGE_ID, SRC_ID, DST_ID, EDGE_TYPE)
SELECT 'E:pcp:'||p.MRN, 'PT:'||p.MRN, 'PR:'||p.PCP_NPI, 'patient_has_pcp'
FROM CLINICAL_EMR.EHR.PATIENT_MASTER p
JOIN CLINICAL_EMR.EHR.PHYSICIAN ph ON ph.NPI = p.PCP_NPI
WHERE p.PCP_NPI IS NOT NULL;

-- patient_has_coverage (claims + EMR)
INSERT INTO KG_EDGE (EDGE_ID, SRC_ID, DST_ID, EDGE_TYPE, PROPS)
SELECT 'E:cov:CLAIMS:'||mm.MRN||':'||m.MEMBER_ID, 'PT:'||mm.MRN, 'COV:'||m.MEMBER_ID, 'patient_has_coverage',
       OBJECT_CONSTRUCT('coverage_source','CLAIMS')
FROM PAYER_CLAIMS.CLAIMS.MEMBER m JOIN STG_MAP_MEMBER mm ON mm.MEMBER_ID = m.MEMBER_ID;
INSERT INTO KG_EDGE (EDGE_ID, SRC_ID, DST_ID, EDGE_TYPE, PROPS)
SELECT 'E:cov:EMR:'||p.MRN, 'PT:'||p.MRN, 'COVEMR:'||p.MRN, 'patient_has_coverage',
       OBJECT_CONSTRUCT('coverage_source','EMR')
FROM CLINICAL_EMR.EHR.PATIENT_MASTER p WHERE p.INS_PAYER_NAME IS NOT NULL;

-- coverage_with_payer (claims + EMR)
INSERT INTO KG_EDGE (EDGE_ID, SRC_ID, DST_ID, EDGE_TYPE)
SELECT 'E:covpay:CLAIMS:'||m.MEMBER_ID, 'COV:'||m.MEMBER_ID, 'PAYER:'||UPPER(REPLACE(TRIM(m.PLAN_NAME),' ','_')), 'coverage_with_payer'
FROM PAYER_CLAIMS.CLAIMS.MEMBER m WHERE m.PLAN_NAME IS NOT NULL;
INSERT INTO KG_EDGE (EDGE_ID, SRC_ID, DST_ID, EDGE_TYPE)
SELECT 'E:covpay:EMR:'||p.MRN, 'COVEMR:'||p.MRN, 'PAYER:'||UPPER(REPLACE(TRIM(p.INS_PAYER_NAME),' ','_')), 'coverage_with_payer'
FROM CLINICAL_EMR.EHR.PATIENT_MASTER p WHERE p.INS_PAYER_NAME IS NOT NULL;

-- coverage_subscriber_is (claims policy holder = the 'self' member on the SUBSCRIBER_ID)
INSERT INTO KG_EDGE (EDGE_ID, SRC_ID, DST_ID, EDGE_TYPE, PROPS)
SELECT 'E:covsub:'||m.MEMBER_ID, 'COV:'||m.MEMBER_ID, 'PT:'||self_mm.MRN, 'coverage_subscriber_is',
       OBJECT_CONSTRUCT('relationship', self_m.RELATIONSHIP)
FROM PAYER_CLAIMS.CLAIMS.MEMBER m
JOIN PAYER_CLAIMS.CLAIMS.MEMBER self_m
     ON self_m.SUBSCRIBER_ID = m.SUBSCRIBER_ID AND LOWER(self_m.RELATIONSHIP) = 'self'
JOIN STG_MAP_MEMBER self_mm ON self_mm.MEMBER_ID = self_m.MEMBER_ID;

-- patient_has_related_person
INSERT INTO KG_EDGE (EDGE_ID, SRC_ID, DST_ID, EDGE_TYPE)
SELECT 'E:kin:'||p.MRN, 'PT:'||p.MRN, 'RP:'||p.MRN, 'patient_has_related_person'
FROM CLINICAL_EMR.EHR.PATIENT_MASTER p WHERE p.KIN_NAME IS NOT NULL;

-- related_person_resolves_to_patient (name-only match to an existing patient)
INSERT INTO KG_EDGE (EDGE_ID, SRC_ID, DST_ID, EDGE_TYPE, PROPS)
SELECT 'E:kinres:'||p.MRN, 'RP:'||p.MRN, 'PT:'||rp.MRN, 'related_person_resolves_to_patient',
       OBJECT_CONSTRUCT('match_basis','name_only')
FROM CLINICAL_EMR.EHR.PATIENT_MASTER p
JOIN CLINICAL_EMR.EHR.PATIENT_MASTER rp
     ON UPPER(rp.FIRST_NAME||' '||rp.LAST_NAME) = UPPER(p.KIN_NAME) AND rp.MRN <> p.MRN
WHERE p.KIN_NAME IS NOT NULL;

-- patient_has_condition (problem list)
INSERT INTO KG_EDGE (EDGE_ID, SRC_ID, DST_ID, EDGE_TYPE, PROPS, EFFECTIVE_START)
SELECT 'E:pcond:'||pl.PROBLEM_ID, 'PT:'||pl.MRN, 'CND:'||FN_ICD10_DOTTED(pl.ICD10_CODE), 'patient_has_condition',
       OBJECT_CONSTRUCT('status',pl.STATUS), pl.ONSET_DATE
FROM CLINICAL_EMR.EHR.PROBLEM_LIST pl WHERE pl.ICD10_CODE IS NOT NULL;

-- practitioner_works_at
INSERT INTO KG_EDGE (EDGE_ID, SRC_ID, DST_ID, EDGE_TYPE)
SELECT 'E:works:'||ph.NPI, 'PR:'||ph.NPI, 'LOC:'||ph.DEPT_ID, 'practitioner_works_at'
FROM CLINICAL_EMR.EHR.PHYSICIAN ph WHERE ph.DEPT_ID IS NOT NULL;

-- location_within_facility
INSERT INTO KG_EDGE (EDGE_ID, SRC_ID, DST_ID, EDGE_TYPE)
SELECT 'E:locfac:'||d.DEPT_ID, 'LOC:'||d.DEPT_ID,
       'FAC:'||UPPER(REPLACE(REPLACE(d.FACILITY_NAME,' ','_'),'''','')), 'location_within_facility'
FROM CLINICAL_EMR.EHR.DEPARTMENT d WHERE d.FACILITY_NAME IS NOT NULL;

-- encounter_of_patient
INSERT INTO KG_EDGE (EDGE_ID, SRC_ID, DST_ID, EDGE_TYPE, EFFECTIVE_START)
SELECT 'E:encpt:'||v.VISIT_ID, 'ENC:'||v.VISIT_ID, 'PT:'||v.MRN, 'encounter_of_patient', v.VISIT_DATE
FROM CLINICAL_EMR.EHR.VISIT v;

-- encounter_performed_by
INSERT INTO KG_EDGE (EDGE_ID, SRC_ID, DST_ID, EDGE_TYPE)
SELECT 'E:encby:'||v.VISIT_ID, 'ENC:'||v.VISIT_ID, 'PR:'||pl.NPI, 'encounter_performed_by'
FROM CLINICAL_EMR.EHR.VISIT v JOIN STG_PHYS_LOCAL pl ON pl.PHYSICIAN_ID = v.PHYSICIAN_ID;

-- encounter_at_location
INSERT INTO KG_EDGE (EDGE_ID, SRC_ID, DST_ID, EDGE_TYPE)
SELECT 'E:encloc:'||v.VISIT_ID, 'ENC:'||v.VISIT_ID, 'LOC:'||v.DEPT_ID, 'encounter_at_location'
FROM CLINICAL_EMR.EHR.VISIT v WHERE v.DEPT_ID IS NOT NULL;

-- encounter_diagnoses_condition
INSERT INTO KG_EDGE (EDGE_ID, SRC_ID, DST_ID, EDGE_TYPE)
SELECT 'E:encdx:'||v.VISIT_ID, 'ENC:'||v.VISIT_ID, 'CND:'||FN_ICD10_DOTTED(v.PRIMARY_ICD10), 'encounter_diagnoses_condition'
FROM CLINICAL_EMR.EHR.VISIT v WHERE v.PRIMARY_ICD10 IS NOT NULL;

-- encounter_has_observation (vitals: exact; labs: date-inferred)
INSERT INTO KG_EDGE (EDGE_ID, SRC_ID, DST_ID, EDGE_TYPE, PROPS)
SELECT 'E:encobsV:'||n.NODE_ID, 'ENC:'||n.PROPS:visit_id::STRING, n.NODE_ID, 'encounter_has_observation',
       OBJECT_CONSTRUCT('inferred',FALSE)
FROM KG_NODE n WHERE n.NODE_TYPE='Observation' AND n.PROPS:obs_kind::STRING='VITAL';
INSERT INTO KG_EDGE (EDGE_ID, SRC_ID, DST_ID, EDGE_TYPE, PROPS)
SELECT 'E:encobsL:'||n.NODE_ID||':'||v.VISIT_ID, 'ENC:'||v.VISIT_ID, n.NODE_ID, 'encounter_has_observation',
       OBJECT_CONSTRUCT('inferred',TRUE)
FROM KG_NODE n
JOIN CLINICAL_EMR.EHR.VISIT v
  ON v.MRN = n.PROPS:patient_key::STRING AND v.VISIT_DATE = TO_DATE(n.PROPS:obs_date::STRING)
WHERE n.NODE_TYPE='Observation' AND n.PROPS:obs_kind::STRING='LAB';

-- observation_of_patient
INSERT INTO KG_EDGE (EDGE_ID, SRC_ID, DST_ID, EDGE_TYPE)
SELECT 'E:obspt:'||n.NODE_ID, n.NODE_ID, 'PT:'||n.PROPS:patient_key::STRING, 'observation_of_patient'
FROM KG_NODE n WHERE n.NODE_TYPE='Observation';

-- claim_for_patient
INSERT INTO KG_EDGE (EDGE_ID, SRC_ID, DST_ID, EDGE_TYPE, EFFECTIVE_START)
SELECT 'E:clmpt:'||c.CLAIM_ID, 'CLM:'||c.CLAIM_ID, 'PT:'||c.PATIENT_KEY, 'claim_for_patient', c.SERVICE_DATE
FROM STG_CLAIM c WHERE c.PATIENT_KEY IS NOT NULL;

-- claim_rendered_by
INSERT INTO KG_EDGE (EDGE_ID, SRC_ID, DST_ID, EDGE_TYPE)
SELECT 'E:clmby:'||c.CLAIM_ID, 'CLM:'||c.CLAIM_ID, 'PR:'||c.RENDERING_NPI, 'claim_rendered_by'
FROM STG_CLAIM c
JOIN CLINICAL_EMR.EHR.PHYSICIAN ph ON ph.NPI = c.RENDERING_NPI;

-- claim_under_coverage
INSERT INTO KG_EDGE (EDGE_ID, SRC_ID, DST_ID, EDGE_TYPE)
SELECT 'E:clmcov:'||c.CLAIM_ID, 'CLM:'||c.CLAIM_ID, 'COV:'||c.MEMBER_ID, 'claim_under_coverage'
FROM STG_CLAIM c WHERE c.MEMBER_ID IS NOT NULL;

-- claim_at_setting
INSERT INTO KG_EDGE (EDGE_ID, SRC_ID, DST_ID, EDGE_TYPE)
SELECT 'E:clmset:'||c.CLAIM_ID, 'CLM:'||c.CLAIM_ID, 'SVC:'||c.POS_CODE, 'claim_at_setting'
FROM STG_CLAIM c WHERE c.POS_CODE IS NOT NULL;

-- claim_for_encounter (INFERRED: patient + rendering NPI + service_date = visit_date)
INSERT INTO KG_EDGE (EDGE_ID, SRC_ID, DST_ID, EDGE_TYPE, PROPS, EFFECTIVE_START)
SELECT 'E:clmenc:'||c.CLAIM_ID, 'CLM:'||c.CLAIM_ID, 'ENC:'||v.VISIT_ID, 'claim_for_encounter',
       OBJECT_CONSTRUCT('match_basis','patient+npi+date','inferred',TRUE), c.SERVICE_DATE
FROM STG_CLAIM c
JOIN CLINICAL_EMR.EHR.VISIT v ON v.MRN = c.PATIENT_KEY AND v.VISIT_DATE = c.SERVICE_DATE
JOIN STG_PHYS_LOCAL pl ON pl.PHYSICIAN_ID = v.PHYSICIAN_ID AND pl.NPI = c.RENDERING_NPI;

-- claim_has_line
INSERT INTO KG_EDGE (EDGE_ID, SRC_ID, DST_ID, EDGE_TYPE)
SELECT 'E:clmline:'||cl.CLAIM_ID||':'||cl.LINE_NO, 'CLM:'||cl.CLAIM_ID, 'CLL:'||cl.CLAIM_ID||':'||cl.LINE_NO, 'claim_has_line'
FROM PAYER_CLAIMS.CLAIMS.CLAIMS_LINE cl;

-- claimline_involves_procedure
INSERT INTO KG_EDGE (EDGE_ID, SRC_ID, DST_ID, EDGE_TYPE)
SELECT 'E:clproc:'||cl.CLAIM_ID||':'||cl.LINE_NO, 'CLL:'||cl.CLAIM_ID||':'||cl.LINE_NO, 'PROC:'||cl.CPT_CODE, 'claimline_involves_procedure'
FROM PAYER_CLAIMS.CLAIMS.CLAIMS_LINE cl WHERE cl.CPT_CODE IS NOT NULL;

-- claimline_diagnoses_condition
INSERT INTO KG_EDGE (EDGE_ID, SRC_ID, DST_ID, EDGE_TYPE)
SELECT 'E:cldx:'||cl.CLAIM_ID||':'||cl.LINE_NO, 'CLL:'||cl.CLAIM_ID||':'||cl.LINE_NO, 'CND:'||FN_ICD10_DOTTED(cl.DX_CODE), 'claimline_diagnoses_condition'
FROM PAYER_CLAIMS.CLAIMS.CLAIMS_LINE cl WHERE cl.DX_CODE IS NOT NULL;

-- medrequest_of_patient
INSERT INTO KG_EDGE (EDGE_ID, SRC_ID, DST_ID, EDGE_TYPE, EFFECTIVE_START)
SELECT 'E:mrpt:'||r.MED_ORDER_ID, 'MR:'||r.MED_ORDER_ID, 'PT:'||r.PATIENT_KEY, 'medrequest_of_patient', r.ORDER_DATE
FROM STG_MEDREQUEST r WHERE r.PATIENT_KEY IS NOT NULL;

-- medrequest_ordered_by
INSERT INTO KG_EDGE (EDGE_ID, SRC_ID, DST_ID, EDGE_TYPE)
SELECT 'E:mrby:'||r.MED_ORDER_ID, 'MR:'||r.MED_ORDER_ID, 'PR:'||r.PHYSICIAN_NPI, 'medrequest_ordered_by'
FROM STG_MEDREQUEST r WHERE r.PHYSICIAN_NPI IS NOT NULL;

-- medrequest_for_medication (direct RxNorm or text-recovered)
INSERT INTO KG_EDGE (EDGE_ID, SRC_ID, DST_ID, EDGE_TYPE, PROPS)
SELECT 'E:mrmed:'||r.MED_ORDER_ID, 'MR:'||r.MED_ORDER_ID, 'MED:'||r.RXNORM_RESOLVED, 'medrequest_for_medication',
       OBJECT_CONSTRUCT('rxnorm_was_null',r.RXNORM_WAS_NULL,'match_basis',IFF(r.RXNORM_WAS_NULL,'text_name_strength','direct_rxnorm'))
FROM STG_MEDREQUEST r WHERE r.RXNORM_RESOLVED IS NOT NULL;

-- medrequest_during_encounter (INFERRED: patient + ordering NPI + order_date = visit_date)
INSERT INTO KG_EDGE (EDGE_ID, SRC_ID, DST_ID, EDGE_TYPE, PROPS, EFFECTIVE_START)
SELECT 'E:mrenc:'||r.MED_ORDER_ID, 'MR:'||r.MED_ORDER_ID, 'ENC:'||v.VISIT_ID, 'medrequest_during_encounter',
       OBJECT_CONSTRUCT('inferred',TRUE), r.ORDER_DATE
FROM STG_MEDREQUEST r
JOIN CLINICAL_EMR.EHR.VISIT v ON v.MRN = r.PATIENT_KEY AND v.VISIT_DATE = r.ORDER_DATE
JOIN STG_PHYS_LOCAL pl ON pl.PHYSICIAN_ID = v.PHYSICIAN_ID AND pl.NPI = r.PHYSICIAN_NPI;

-- dispense_of_patient
INSERT INTO KG_EDGE (EDGE_ID, SRC_ID, DST_ID, EDGE_TYPE, EFFECTIVE_START)
SELECT 'E:mdpt:'||d.FILL_ID, 'MD:'||d.FILL_ID, 'PT:'||d.PATIENT_KEY, 'dispense_of_patient', d.FILL_DATE
FROM STG_DISPENSE d WHERE d.PATIENT_KEY IS NOT NULL;

-- dispense_prescribed_by
INSERT INTO KG_EDGE (EDGE_ID, SRC_ID, DST_ID, EDGE_TYPE)
SELECT 'E:mdby:'||d.FILL_ID, 'MD:'||d.FILL_ID, 'PR:'||d.PRESCRIBER_NPI, 'dispense_prescribed_by'
FROM STG_DISPENSE d
JOIN CLINICAL_EMR.EHR.PHYSICIAN ph ON ph.NPI = d.PRESCRIBER_NPI;

-- dispense_of_medication
INSERT INTO KG_EDGE (EDGE_ID, SRC_ID, DST_ID, EDGE_TYPE)
SELECT 'E:mdmed:'||d.FILL_ID, 'MD:'||d.FILL_ID, 'MED:'||d.RXNORM_CODE, 'dispense_of_medication'
FROM STG_DISPENSE d WHERE d.RXNORM_CODE IS NOT NULL;

-- dispense_fulfills_request (INFERRED: patient + prescriber + drug + date proximity <= 60d)
INSERT INTO KG_EDGE (EDGE_ID, SRC_ID, DST_ID, EDGE_TYPE, PROPS)
SELECT 'E:mdfr:'||d.FILL_ID||':'||r.MED_ORDER_ID, 'MD:'||d.FILL_ID, 'MR:'||r.MED_ORDER_ID, 'dispense_fulfills_request',
       OBJECT_CONSTRUCT('match_basis', IFF(r.RXNORM_WAS_NULL,'patient+prescriber+date+name_recovered','patient+prescriber+date+rxnorm'))
FROM STG_DISPENSE d
JOIN STG_MEDREQUEST r
  ON r.PATIENT_KEY = d.PATIENT_KEY
 AND r.PHYSICIAN_NPI = d.PRESCRIBER_NPI
 AND r.RXNORM_RESOLVED = d.RXNORM_CODE
 AND ABS(DATEDIFF('day', r.ORDER_DATE, d.WRITTEN_DATE)) <= 60
QUALIFY ROW_NUMBER() OVER (PARTITION BY d.FILL_ID ORDER BY ABS(DATEDIFF('day', r.ORDER_DATE, d.WRITTEN_DATE))) = 1;


-- =============================================================================
-- >>> Layer 3 (concrete) — typed V_{CLASS} entity views and V_{REL} relationship views over KG_NODE/KG_EDGE
-- >>> (build sub-script: 02_concrete_views.sql)
-- =============================================================================

-- ============================================================================
-- Concrete Entity & Relationship Views
-- Typed views over KG_NODE/KG_EDGE (KG path) or source tables (direct path)
-- Generated: 2026-07-10 07:26 UTC
-- ============================================================================

USE SCHEMA CLINICAL_EMR.ONTOLOGY;

-- V_PATIENT: Typed view for Patient (KG path)
CREATE OR REPLACE VIEW V_PATIENT AS
SELECT
    NODE_ID,
    NAME,
    PROPS:mrn::STRING AS MRN,
    PROPS:member_id::STRING AS MEMBER_ID,
    PROPS:rx_member_id::STRING AS RX_MEMBER_ID,
    PROPS:ssn::STRING AS SSN,
    PROPS:full_name::STRING AS FULL_NAME,
    PROPS:first_name::STRING AS FIRST_NAME,
    PROPS:last_name::STRING AS LAST_NAME,
    PROPS:dob::DATE AS DOB,
    PROPS:gender::STRING AS GENDER,
    PROPS:city::STRING AS CITY,
    PROPS:state::STRING AS STATE,
    PROPS:zip::STRING AS ZIP,
    PROPS:phone::STRING AS PHONE,
    PROPS:source_systems::STRING AS SOURCE_SYSTEMS,
    PROPS
FROM KG_NODE
WHERE NODE_TYPE = 'Patient';

-- V_PRACTITIONER: Typed view for Practitioner (KG path)
CREATE OR REPLACE VIEW V_PRACTITIONER AS
SELECT
    NODE_ID,
    NAME,
    PROPS:npi::STRING AS NPI,
    PROPS:full_name::STRING AS FULL_NAME,
    PROPS:name_emr::STRING AS NAME_EMR,
    PROPS:name_claims::STRING AS NAME_CLAIMS,
    PROPS:name_pharmacy::STRING AS NAME_PHARMACY,
    PROPS:specialty::STRING AS SPECIALTY,
    PROPS:specialty_raw_claims::STRING AS SPECIALTY_RAW_CLAIMS,
    PROPS:local_physician_id::NUMBER AS LOCAL_PHYSICIAN_ID,
    PROPS:dept_id::NUMBER AS DEPT_ID,
    PROPS:dea_number::STRING AS DEA_NUMBER,
    PROPS:source_systems::STRING AS SOURCE_SYSTEMS,
    PROPS
FROM KG_NODE
WHERE NODE_TYPE = 'Practitioner';

-- V_RELATEDPERSON: Typed view for RelatedPerson (KG path)
CREATE OR REPLACE VIEW V_RELATEDPERSON AS
SELECT
    NODE_ID,
    NAME,
    PROPS:kin_name::STRING AS KIN_NAME,
    PROPS:kin_relation::STRING AS KIN_RELATION,
    PROPS:kin_phone::STRING AS KIN_PHONE,
    PROPS:patient_key::STRING AS PATIENT_KEY,
    PROPS:resolved_patient_key::STRING AS RESOLVED_PATIENT_KEY,
    PROPS
FROM KG_NODE
WHERE NODE_TYPE = 'RelatedPerson';

-- V_PAYER: Typed view for Payer (KG path)
CREATE OR REPLACE VIEW V_PAYER AS
SELECT
    NODE_ID,
    NAME,
    PROPS:payer_name::STRING AS PAYER_NAME,
    PROPS:source_systems::STRING AS SOURCE_SYSTEMS,
    PROPS
FROM KG_NODE
WHERE NODE_TYPE = 'Payer';

-- V_FACILITY: Typed view for Facility (KG path)
CREATE OR REPLACE VIEW V_FACILITY AS
SELECT
    NODE_ID,
    NAME,
    PROPS:facility_key::STRING AS FACILITY_KEY,
    PROPS:facility_name::STRING AS FACILITY_NAME,
    PROPS
FROM KG_NODE
WHERE NODE_TYPE = 'Facility';

-- V_ENCOUNTER: Typed view for Encounter (KG path)
CREATE OR REPLACE VIEW V_ENCOUNTER AS
SELECT
    NODE_ID,
    NAME,
    PROPS:visit_id::STRING AS VISIT_ID,
    PROPS:visit_date::DATE AS VISIT_DATE,
    PROPS:visit_type::STRING AS VISIT_TYPE,
    PROPS:status::STRING AS STATUS,
    PROPS:patient_key::STRING AS PATIENT_KEY,
    PROPS:npi::STRING AS NPI,
    PROPS:dept_id::NUMBER AS DEPT_ID,
    PROPS:primary_icd10::STRING AS PRIMARY_ICD10,
    PROPS
FROM KG_NODE
WHERE NODE_TYPE = 'Encounter';

-- V_CLAIM: Typed view for Claim (KG path)
CREATE OR REPLACE VIEW V_CLAIM AS
SELECT
    NODE_ID,
    NAME,
    PROPS:claim_id::STRING AS CLAIM_ID,
    PROPS:member_id::STRING AS MEMBER_ID,
    PROPS:subscriber_id::STRING AS SUBSCRIBER_ID,
    PROPS:patient_key::STRING AS PATIENT_KEY,
    PROPS:plan_name::STRING AS PLAN_NAME,
    PROPS:rendering_npi::STRING AS RENDERING_NPI,
    PROPS:service_date::DATE AS SERVICE_DATE,
    PROPS:pos_code::STRING AS POS_CODE,
    PROPS:claim_status::STRING AS CLAIM_STATUS,
    PROPS:total_charge::NUMBER AS TOTAL_CHARGE,
    PROPS:total_paid::NUMBER AS TOTAL_PAID,
    PROPS
FROM KG_NODE
WHERE NODE_TYPE = 'Claim';

-- V_CLAIMLINE: Typed view for ClaimLine (KG path)
CREATE OR REPLACE VIEW V_CLAIMLINE AS
SELECT
    NODE_ID,
    NAME,
    PROPS:claim_id::STRING AS CLAIM_ID,
    PROPS:line_no::NUMBER AS LINE_NO,
    PROPS:cpt_code::STRING AS CPT_CODE,
    PROPS:cpt_desc::STRING AS CPT_DESC,
    PROPS:dx_code::STRING AS DX_CODE,
    PROPS:dx_canonical::STRING AS DX_CANONICAL,
    PROPS:charge_amt::NUMBER AS CHARGE_AMT,
    PROPS:allowed_amt::NUMBER AS ALLOWED_AMT,
    PROPS:paid_amt::NUMBER AS PAID_AMT,
    PROPS
FROM KG_NODE
WHERE NODE_TYPE = 'ClaimLine';

-- V_MEDICATIONREQUEST: Typed view for MedicationRequest (KG path)
CREATE OR REPLACE VIEW V_MEDICATIONREQUEST AS
SELECT
    NODE_ID,
    NAME,
    PROPS:med_order_id::NUMBER AS MED_ORDER_ID,
    PROPS:patient_key::STRING AS PATIENT_KEY,
    PROPS:physician_npi::STRING AS PHYSICIAN_NPI,
    PROPS:order_date::DATE AS ORDER_DATE,
    PROPS:drug_name::STRING AS DRUG_NAME,
    PROPS:rxnorm_code::STRING AS RXNORM_CODE,
    PROPS:rxnorm_resolved::STRING AS RXNORM_RESOLVED,
    PROPS:rxnorm_was_null::BOOLEAN AS RXNORM_WAS_NULL,
    PROPS:sig::STRING AS SIG,
    PROPS:quantity::NUMBER AS QUANTITY,
    PROPS:refills::NUMBER AS REFILLS,
    PROPS
FROM KG_NODE
WHERE NODE_TYPE = 'MedicationRequest';

-- V_MEDICATIONDISPENSE: Typed view for MedicationDispense (KG path)
CREATE OR REPLACE VIEW V_MEDICATIONDISPENSE AS
SELECT
    NODE_ID,
    NAME,
    PROPS:fill_id::STRING AS FILL_ID,
    PROPS:rx_member_id::STRING AS RX_MEMBER_ID,
    PROPS:patient_key::STRING AS PATIENT_KEY,
    PROPS:prescriber_npi::STRING AS PRESCRIBER_NPI,
    PROPS:ndc::STRING AS NDC,
    PROPS:rxnorm_code::STRING AS RXNORM_CODE,
    PROPS:drug_desc::STRING AS DRUG_DESC,
    PROPS:written_date::DATE AS WRITTEN_DATE,
    PROPS:fill_date::DATE AS FILL_DATE,
    PROPS:days_supply::NUMBER AS DAYS_SUPPLY,
    PROPS:quantity::NUMBER AS QUANTITY,
    PROPS:fill_status::STRING AS FILL_STATUS,
    PROPS
FROM KG_NODE
WHERE NODE_TYPE = 'MedicationDispense';

-- V_OBSERVATION: Typed view for Observation (KG path)
CREATE OR REPLACE VIEW V_OBSERVATION AS
SELECT
    NODE_ID,
    NAME,
    PROPS:obs_kind::STRING AS OBS_KIND,
    PROPS:obs_code::STRING AS OBS_CODE,
    PROPS:obs_name::STRING AS OBS_NAME,
    PROPS:value_num::NUMBER AS VALUE_NUM,
    PROPS:unit::STRING AS UNIT,
    PROPS:obs_date::DATE AS OBS_DATE,
    PROPS:patient_key::STRING AS PATIENT_KEY,
    PROPS:visit_id::STRING AS VISIT_ID,
    PROPS
FROM KG_NODE
WHERE NODE_TYPE = 'Observation';

-- V_CONDITION: Typed view for Condition (KG path)
CREATE OR REPLACE VIEW V_CONDITION AS
SELECT
    NODE_ID,
    NAME,
    PROPS:icd10_dotted::STRING AS ICD10_DOTTED,
    PROPS:icd10_nodot::STRING AS ICD10_NODOT,
    PROPS:icd10_desc::STRING AS ICD10_DESC,
    PROPS:snomed_code::STRING AS SNOMED_CODE,
    PROPS:source_systems::STRING AS SOURCE_SYSTEMS,
    PROPS
FROM KG_NODE
WHERE NODE_TYPE = 'Condition';

-- V_PROCEDURE: Typed view for Procedure (KG path)
CREATE OR REPLACE VIEW V_PROCEDURE AS
SELECT
    NODE_ID,
    NAME,
    PROPS:cpt_code::STRING AS CPT_CODE,
    PROPS:cpt_desc::STRING AS CPT_DESC,
    PROPS
FROM KG_NODE
WHERE NODE_TYPE = 'Procedure';

-- V_MEDICATION: Typed view for Medication (KG path)
CREATE OR REPLACE VIEW V_MEDICATION AS
SELECT
    NODE_ID,
    NAME,
    PROPS:rxnorm_code::STRING AS RXNORM_CODE,
    PROPS:generic_name::STRING AS GENERIC_NAME,
    PROPS:brand_name::STRING AS BRAND_NAME,
    PROPS:strength::STRING AS STRENGTH,
    PROPS:dosage_form::STRING AS DOSAGE_FORM,
    PROPS:ndc_example::STRING AS NDC_EXAMPLE,
    PROPS
FROM KG_NODE
WHERE NODE_TYPE = 'Medication';

-- V_SERVICESETTING: Typed view for ServiceSetting (KG path)
CREATE OR REPLACE VIEW V_SERVICESETTING AS
SELECT
    NODE_ID,
    NAME,
    PROPS:pos_code::STRING AS POS_CODE,
    PROPS:pos_description::STRING AS POS_DESCRIPTION,
    PROPS
FROM KG_NODE
WHERE NODE_TYPE = 'ServiceSetting';

-- V_LOCATION: Typed view for Location (KG path)
CREATE OR REPLACE VIEW V_LOCATION AS
SELECT
    NODE_ID,
    NAME,
    PROPS:dept_id::NUMBER AS DEPT_ID,
    PROPS:dept_name::STRING AS DEPT_NAME,
    PROPS:facility_name::STRING AS FACILITY_NAME,
    PROPS:facility_key::STRING AS FACILITY_KEY,
    PROPS:address::STRING AS ADDRESS,
    PROPS:city::STRING AS CITY,
    PROPS:state::STRING AS STATE,
    PROPS:zip::STRING AS ZIP,
    PROPS
FROM KG_NODE
WHERE NODE_TYPE = 'Location';

-- V_COVERAGE: Typed view for Coverage (KG path)
CREATE OR REPLACE VIEW V_COVERAGE AS
SELECT
    NODE_ID,
    NAME,
    PROPS:coverage_id::STRING AS COVERAGE_ID,
    PROPS:coverage_source::STRING AS COVERAGE_SOURCE,
    PROPS:patient_key::STRING AS PATIENT_KEY,
    PROPS:payer_name::STRING AS PAYER_NAME,
    PROPS:plan_name::STRING AS PLAN_NAME,
    PROPS:group_no::STRING AS GROUP_NO,
    PROPS:member_id::STRING AS MEMBER_ID,
    PROPS:subscriber_id::STRING AS SUBSCRIBER_ID,
    PROPS:relationship::STRING AS RELATIONSHIP,
    PROPS:effective_date::DATE AS EFFECTIVE_DATE,
    PROPS:term_date::DATE AS TERM_DATE,
    PROPS
FROM KG_NODE
WHERE NODE_TYPE = 'Coverage';

-- V_PATIENT_HAS_PCP: Relationship view for patient_has_pcp (KG path)
CREATE OR REPLACE VIEW V_PATIENT_HAS_PCP AS
SELECT
    SRC_ID,
    DST_ID,
    EDGE_TYPE,
    PROPS,
    WEIGHT,
    EFFECTIVE_START,
    EFFECTIVE_END
FROM KG_EDGE
WHERE EDGE_TYPE = 'patient_has_pcp';

-- V_PATIENT_HAS_COVERAGE: Relationship view for patient_has_coverage (KG path)
CREATE OR REPLACE VIEW V_PATIENT_HAS_COVERAGE AS
SELECT
    SRC_ID,
    DST_ID,
    EDGE_TYPE,
    PROPS,
    WEIGHT,
    EFFECTIVE_START,
    EFFECTIVE_END,
    PROPS:coverage_source::STRING AS coverage_source
FROM KG_EDGE
WHERE EDGE_TYPE = 'patient_has_coverage';

-- V_COVERAGE_WITH_PAYER: Relationship view for coverage_with_payer (KG path)
CREATE OR REPLACE VIEW V_COVERAGE_WITH_PAYER AS
SELECT
    SRC_ID,
    DST_ID,
    EDGE_TYPE,
    PROPS,
    WEIGHT,
    EFFECTIVE_START,
    EFFECTIVE_END
FROM KG_EDGE
WHERE EDGE_TYPE = 'coverage_with_payer';

-- V_COVERAGE_SUBSCRIBER_IS: Relationship view for coverage_subscriber_is (KG path)
CREATE OR REPLACE VIEW V_COVERAGE_SUBSCRIBER_IS AS
SELECT
    SRC_ID,
    DST_ID,
    EDGE_TYPE,
    PROPS,
    WEIGHT,
    EFFECTIVE_START,
    EFFECTIVE_END,
    PROPS:relationship::STRING AS relationship
FROM KG_EDGE
WHERE EDGE_TYPE = 'coverage_subscriber_is';

-- V_PATIENT_HAS_RELATED_PERSON: Relationship view for patient_has_related_person (KG path)
CREATE OR REPLACE VIEW V_PATIENT_HAS_RELATED_PERSON AS
SELECT
    SRC_ID,
    DST_ID,
    EDGE_TYPE,
    PROPS,
    WEIGHT,
    EFFECTIVE_START,
    EFFECTIVE_END
FROM KG_EDGE
WHERE EDGE_TYPE = 'patient_has_related_person';

-- V_RELATED_PERSON_RESOLVES_TO_PATIENT: Relationship view for related_person_resolves_to_patient (KG path)
CREATE OR REPLACE VIEW V_RELATED_PERSON_RESOLVES_TO_PATIENT AS
SELECT
    SRC_ID,
    DST_ID,
    EDGE_TYPE,
    PROPS,
    WEIGHT,
    EFFECTIVE_START,
    EFFECTIVE_END,
    PROPS:match_basis::STRING AS match_basis
FROM KG_EDGE
WHERE EDGE_TYPE = 'related_person_resolves_to_patient';

-- V_PATIENT_HAS_CONDITION: Relationship view for patient_has_condition (KG path)
CREATE OR REPLACE VIEW V_PATIENT_HAS_CONDITION AS
SELECT
    SRC_ID,
    DST_ID,
    EDGE_TYPE,
    PROPS,
    WEIGHT,
    EFFECTIVE_START,
    EFFECTIVE_END,
    PROPS:status::STRING AS status,
    PROPS:onset_date::DATE AS onset_date
FROM KG_EDGE
WHERE EDGE_TYPE = 'patient_has_condition';

-- V_PRACTITIONER_WORKS_AT: Relationship view for practitioner_works_at (KG path)
CREATE OR REPLACE VIEW V_PRACTITIONER_WORKS_AT AS
SELECT
    SRC_ID,
    DST_ID,
    EDGE_TYPE,
    PROPS,
    WEIGHT,
    EFFECTIVE_START,
    EFFECTIVE_END
FROM KG_EDGE
WHERE EDGE_TYPE = 'practitioner_works_at';

-- V_LOCATION_WITHIN_FACILITY: Relationship view for location_within_facility (KG path)
CREATE OR REPLACE VIEW V_LOCATION_WITHIN_FACILITY AS
SELECT
    SRC_ID,
    DST_ID,
    EDGE_TYPE,
    PROPS,
    WEIGHT,
    EFFECTIVE_START,
    EFFECTIVE_END
FROM KG_EDGE
WHERE EDGE_TYPE = 'location_within_facility';

-- V_ENCOUNTER_OF_PATIENT: Relationship view for encounter_of_patient (KG path)
CREATE OR REPLACE VIEW V_ENCOUNTER_OF_PATIENT AS
SELECT
    SRC_ID,
    DST_ID,
    EDGE_TYPE,
    PROPS,
    WEIGHT,
    EFFECTIVE_START,
    EFFECTIVE_END
FROM KG_EDGE
WHERE EDGE_TYPE = 'encounter_of_patient';

-- V_ENCOUNTER_PERFORMED_BY: Relationship view for encounter_performed_by (KG path)
CREATE OR REPLACE VIEW V_ENCOUNTER_PERFORMED_BY AS
SELECT
    SRC_ID,
    DST_ID,
    EDGE_TYPE,
    PROPS,
    WEIGHT,
    EFFECTIVE_START,
    EFFECTIVE_END
FROM KG_EDGE
WHERE EDGE_TYPE = 'encounter_performed_by';

-- V_ENCOUNTER_AT_LOCATION: Relationship view for encounter_at_location (KG path)
CREATE OR REPLACE VIEW V_ENCOUNTER_AT_LOCATION AS
SELECT
    SRC_ID,
    DST_ID,
    EDGE_TYPE,
    PROPS,
    WEIGHT,
    EFFECTIVE_START,
    EFFECTIVE_END
FROM KG_EDGE
WHERE EDGE_TYPE = 'encounter_at_location';

-- V_ENCOUNTER_DIAGNOSES_CONDITION: Relationship view for encounter_diagnoses_condition (KG path)
CREATE OR REPLACE VIEW V_ENCOUNTER_DIAGNOSES_CONDITION AS
SELECT
    SRC_ID,
    DST_ID,
    EDGE_TYPE,
    PROPS,
    WEIGHT,
    EFFECTIVE_START,
    EFFECTIVE_END
FROM KG_EDGE
WHERE EDGE_TYPE = 'encounter_diagnoses_condition';

-- V_ENCOUNTER_HAS_OBSERVATION: Relationship view for encounter_has_observation (KG path)
CREATE OR REPLACE VIEW V_ENCOUNTER_HAS_OBSERVATION AS
SELECT
    SRC_ID,
    DST_ID,
    EDGE_TYPE,
    PROPS,
    WEIGHT,
    EFFECTIVE_START,
    EFFECTIVE_END,
    PROPS:inferred::BOOLEAN AS inferred
FROM KG_EDGE
WHERE EDGE_TYPE = 'encounter_has_observation';

-- V_OBSERVATION_OF_PATIENT: Relationship view for observation_of_patient (KG path)
CREATE OR REPLACE VIEW V_OBSERVATION_OF_PATIENT AS
SELECT
    SRC_ID,
    DST_ID,
    EDGE_TYPE,
    PROPS,
    WEIGHT,
    EFFECTIVE_START,
    EFFECTIVE_END
FROM KG_EDGE
WHERE EDGE_TYPE = 'observation_of_patient';

-- V_CLAIM_FOR_PATIENT: Relationship view for claim_for_patient (KG path)
CREATE OR REPLACE VIEW V_CLAIM_FOR_PATIENT AS
SELECT
    SRC_ID,
    DST_ID,
    EDGE_TYPE,
    PROPS,
    WEIGHT,
    EFFECTIVE_START,
    EFFECTIVE_END
FROM KG_EDGE
WHERE EDGE_TYPE = 'claim_for_patient';

-- V_CLAIM_RENDERED_BY: Relationship view for claim_rendered_by (KG path)
CREATE OR REPLACE VIEW V_CLAIM_RENDERED_BY AS
SELECT
    SRC_ID,
    DST_ID,
    EDGE_TYPE,
    PROPS,
    WEIGHT,
    EFFECTIVE_START,
    EFFECTIVE_END
FROM KG_EDGE
WHERE EDGE_TYPE = 'claim_rendered_by';

-- V_CLAIM_UNDER_COVERAGE: Relationship view for claim_under_coverage (KG path)
CREATE OR REPLACE VIEW V_CLAIM_UNDER_COVERAGE AS
SELECT
    SRC_ID,
    DST_ID,
    EDGE_TYPE,
    PROPS,
    WEIGHT,
    EFFECTIVE_START,
    EFFECTIVE_END
FROM KG_EDGE
WHERE EDGE_TYPE = 'claim_under_coverage';

-- V_CLAIM_AT_SETTING: Relationship view for claim_at_setting (KG path)
CREATE OR REPLACE VIEW V_CLAIM_AT_SETTING AS
SELECT
    SRC_ID,
    DST_ID,
    EDGE_TYPE,
    PROPS,
    WEIGHT,
    EFFECTIVE_START,
    EFFECTIVE_END
FROM KG_EDGE
WHERE EDGE_TYPE = 'claim_at_setting';

-- V_CLAIM_FOR_ENCOUNTER: Relationship view for claim_for_encounter (KG path)
CREATE OR REPLACE VIEW V_CLAIM_FOR_ENCOUNTER AS
SELECT
    SRC_ID,
    DST_ID,
    EDGE_TYPE,
    PROPS,
    WEIGHT,
    EFFECTIVE_START,
    EFFECTIVE_END,
    PROPS:match_basis::STRING AS match_basis,
    PROPS:inferred::BOOLEAN AS inferred
FROM KG_EDGE
WHERE EDGE_TYPE = 'claim_for_encounter';

-- V_CLAIM_HAS_LINE: Relationship view for claim_has_line (KG path)
CREATE OR REPLACE VIEW V_CLAIM_HAS_LINE AS
SELECT
    SRC_ID,
    DST_ID,
    EDGE_TYPE,
    PROPS,
    WEIGHT,
    EFFECTIVE_START,
    EFFECTIVE_END
FROM KG_EDGE
WHERE EDGE_TYPE = 'claim_has_line';

-- V_CLAIMLINE_INVOLVES_PROCEDURE: Relationship view for claimline_involves_procedure (KG path)
CREATE OR REPLACE VIEW V_CLAIMLINE_INVOLVES_PROCEDURE AS
SELECT
    SRC_ID,
    DST_ID,
    EDGE_TYPE,
    PROPS,
    WEIGHT,
    EFFECTIVE_START,
    EFFECTIVE_END
FROM KG_EDGE
WHERE EDGE_TYPE = 'claimline_involves_procedure';

-- V_CLAIMLINE_DIAGNOSES_CONDITION: Relationship view for claimline_diagnoses_condition (KG path)
CREATE OR REPLACE VIEW V_CLAIMLINE_DIAGNOSES_CONDITION AS
SELECT
    SRC_ID,
    DST_ID,
    EDGE_TYPE,
    PROPS,
    WEIGHT,
    EFFECTIVE_START,
    EFFECTIVE_END
FROM KG_EDGE
WHERE EDGE_TYPE = 'claimline_diagnoses_condition';

-- V_MEDREQUEST_OF_PATIENT: Relationship view for medrequest_of_patient (KG path)
CREATE OR REPLACE VIEW V_MEDREQUEST_OF_PATIENT AS
SELECT
    SRC_ID,
    DST_ID,
    EDGE_TYPE,
    PROPS,
    WEIGHT,
    EFFECTIVE_START,
    EFFECTIVE_END
FROM KG_EDGE
WHERE EDGE_TYPE = 'medrequest_of_patient';

-- V_MEDREQUEST_ORDERED_BY: Relationship view for medrequest_ordered_by (KG path)
CREATE OR REPLACE VIEW V_MEDREQUEST_ORDERED_BY AS
SELECT
    SRC_ID,
    DST_ID,
    EDGE_TYPE,
    PROPS,
    WEIGHT,
    EFFECTIVE_START,
    EFFECTIVE_END
FROM KG_EDGE
WHERE EDGE_TYPE = 'medrequest_ordered_by';

-- V_MEDREQUEST_FOR_MEDICATION: Relationship view for medrequest_for_medication (KG path)
CREATE OR REPLACE VIEW V_MEDREQUEST_FOR_MEDICATION AS
SELECT
    SRC_ID,
    DST_ID,
    EDGE_TYPE,
    PROPS,
    WEIGHT,
    EFFECTIVE_START,
    EFFECTIVE_END,
    PROPS:rxnorm_was_null::BOOLEAN AS rxnorm_was_null,
    PROPS:match_basis::STRING AS match_basis
FROM KG_EDGE
WHERE EDGE_TYPE = 'medrequest_for_medication';

-- V_MEDREQUEST_DURING_ENCOUNTER: Relationship view for medrequest_during_encounter (KG path)
CREATE OR REPLACE VIEW V_MEDREQUEST_DURING_ENCOUNTER AS
SELECT
    SRC_ID,
    DST_ID,
    EDGE_TYPE,
    PROPS,
    WEIGHT,
    EFFECTIVE_START,
    EFFECTIVE_END,
    PROPS:inferred::BOOLEAN AS inferred
FROM KG_EDGE
WHERE EDGE_TYPE = 'medrequest_during_encounter';

-- V_DISPENSE_OF_PATIENT: Relationship view for dispense_of_patient (KG path)
CREATE OR REPLACE VIEW V_DISPENSE_OF_PATIENT AS
SELECT
    SRC_ID,
    DST_ID,
    EDGE_TYPE,
    PROPS,
    WEIGHT,
    EFFECTIVE_START,
    EFFECTIVE_END
FROM KG_EDGE
WHERE EDGE_TYPE = 'dispense_of_patient';

-- V_DISPENSE_PRESCRIBED_BY: Relationship view for dispense_prescribed_by (KG path)
CREATE OR REPLACE VIEW V_DISPENSE_PRESCRIBED_BY AS
SELECT
    SRC_ID,
    DST_ID,
    EDGE_TYPE,
    PROPS,
    WEIGHT,
    EFFECTIVE_START,
    EFFECTIVE_END
FROM KG_EDGE
WHERE EDGE_TYPE = 'dispense_prescribed_by';

-- V_DISPENSE_OF_MEDICATION: Relationship view for dispense_of_medication (KG path)
CREATE OR REPLACE VIEW V_DISPENSE_OF_MEDICATION AS
SELECT
    SRC_ID,
    DST_ID,
    EDGE_TYPE,
    PROPS,
    WEIGHT,
    EFFECTIVE_START,
    EFFECTIVE_END
FROM KG_EDGE
WHERE EDGE_TYPE = 'dispense_of_medication';

-- V_DISPENSE_FULFILLS_REQUEST: Relationship view for dispense_fulfills_request (KG path)
CREATE OR REPLACE VIEW V_DISPENSE_FULFILLS_REQUEST AS
SELECT
    SRC_ID,
    DST_ID,
    EDGE_TYPE,
    PROPS,
    WEIGHT,
    EFFECTIVE_START,
    EFFECTIVE_END,
    PROPS:match_basis::STRING AS match_basis
FROM KG_EDGE
WHERE EDGE_TYPE = 'dispense_fulfills_request';


-- =============================================================================
-- >>> Layer 2 — ~26 ONT_*/ACT_*/OBJ_* metadata tables + auto-populated seed data
-- >>> (build sub-script: 03_metadata_tables.sql)
-- =============================================================================

-- ============================================================================
-- Layer 2: Ontology Metadata Tables for HEALTHCARE_ONTOLOGY
-- Generated: 2026-07-10 07:26 UTC
-- ============================================================================

USE SCHEMA CLINICAL_EMR.ONTOLOGY;

CREATE TABLE IF NOT EXISTS ONT_CLASS (
    CLASS_NAME          STRING NOT NULL PRIMARY KEY,
    PARENT_CLASS_NAME   STRING,
    IS_ABSTRACT         BOOLEAN DEFAULT FALSE,
    DESCRIPTION         STRING,
    ONTOLOGY_NAME       STRING DEFAULT 'HEALTHCARE_ONTOLOGY',
    TYPE_CLASS          STRING DEFAULT 'ANALYTICAL',
    CREATED_AT          TIMESTAMP_NTZ DEFAULT CURRENT_TIMESTAMP()
);

INSERT INTO ONT_CLASS (CLASS_NAME, PARENT_CLASS_NAME, IS_ABSTRACT, DESCRIPTION, TYPE_CLASS)
SELECT * FROM VALUES
    ('Entity', NULL, TRUE, 'Abstract root of the healthcare ontology. All classes descend from Entity.', 'ANALYTICAL'),
    ('Person', 'Entity', TRUE, 'Abstract superclass for people: patients, practitioners, and related persons.', 'ANALYTICAL'),
    ('Organization', 'Entity', TRUE, 'Abstract superclass for organizational entities: healthcare facilities and payers.', 'ANALYTICAL'),
    ('Act', 'Entity', TRUE, 'Abstract superclass for clinical and administrative events/activities: encounters, claims, medication requests/dispenses, observations.', 'ANALYTICAL'),
    ('Concept', 'Entity', TRUE, 'Abstract superclass for coded reference concepts: conditions (ICD-10), procedures (CPT), medications (RxNorm), service settings (CMS POS).', 'ANALYTICAL'),
    ('Patient', 'Person', FALSE, 'A person receiving care. Identity resolved across EHR PATIENT_MASTER, claims MEMBER, and pharmacy SUBSCRIBER via degrading hierarchy (INS_MEMBER_ID -> SSN -> name+DOB). Handles nicknames (Bob=Robert) and gender code normalization (1/2 -> M/F). Address folded in as attributes.', 'OPERATIONAL'),
    ('Practitioner', 'Person', FALSE, 'A clinician. Identity resolved on universal NPI across EHR PHYSICIAN, claims RENDERING_PROVIDER, and pharmacy PRESCRIBER. Reconciles three name spellings (Sarah Chen, MD / CHEN, SARAH / S CHEN). Specialty kept as normalized attribute (EMR canonical wins) with raw claims variant retained.', 'OPERATIONAL'),
    ('RelatedPerson', 'Person', FALSE, 'Next-of-kin / emergency contact for a patient (name, relationship, phone) from PATIENT_MASTER KIN_* columns. At most one per patient. Some kin are themselves patients (spousal cross-references) and are linked via related_person_resolves_to_patient.', 'OPERATIONAL'),
    ('Payer', 'Organization', FALSE, 'An insurance payer / plan-product. Values are plan/product names (e.g. Buckeye Health Plan, Medicare). Simplification: Payer is grained at plan-name; GROUP_NO is carried as a Coverage attribute. Derived from distinct plan/payer names in PATIENT_MASTER, MEMBER, CLAIMS_LINE.', 'OPERATIONAL'),
    ('Facility', 'Organization', FALSE, 'A healthcare facility / care organization (e.g. Riverside Medical Center). Derived from distinct DEPARTMENT.FACILITY_NAME. Departments (Location) sit within a Facility.', 'OPERATIONAL'),
    ('Encounter', 'Act', FALSE, 'A clinical encounter/visit from EHR VISIT (overloaded: encounter + provider + location + primary condition + vitals).', 'OPERATIONAL'),
    ('Claim', 'Act', FALSE, 'A payer claim header (one per CLAIM_ID), extracted from the overloaded CLAIMS_LINE table.', 'OPERATIONAL'),
    ('ClaimLine', 'Act', FALSE, 'A single claim service line (CLAIM_ID + LINE_NO) carrying a CPT procedure, a diagnosis code, and financials. Extracted from CLAIMS_LINE.', 'OPERATIONAL'),
    ('MedicationRequest', 'Act', FALSE, 'A prescription/order for a drug from EHR MEDICATION. Its canonical Medication is resolved independently via DRUG_NAME -> NDC_PRODUCT.GENERIC_NAME+STRENGTH text match when RXNORM_CODE is NULL (non-circular).', 'OPERATIONAL'),
    ('MedicationDispense', 'Act', FALSE, 'A pharmacy dispensing event from PHARMACY_FILL (overloaded: request + dispense + medication + patient + prescriber).', 'OPERATIONAL'),
    ('Observation', 'Act', FALSE, 'A clinical measurement. Unifies wide vitals columns in VISIT (BP, weight, A1c) and wide analyte columns in LAB_RESULTS (glucose, HbA1c, LDL, creatinine, eGFR) into one uniform unpivoted set. Vitals tie to a specific Encounter row; labs tie reliably only to Patient (Encounter link is date-inferred).', 'OPERATIONAL'),
    ('Condition', 'Concept', FALSE, 'A canonical diagnosis concept. Canonical form = DOTTED ICD-10 (E11.9); claims DX_CODE (E119, no dot) is normalized by re-inserting the dot after the 3rd character. Aggregated from PROBLEM_LIST (with SNOMED), VISIT.PRIMARY_ICD10, and CLAIMS_LINE.DX_CODE.', 'OPERATIONAL'),
    ('Procedure', 'Concept', FALSE, 'A canonical procedure concept keyed on CPT code, derived from distinct CPT codes in CLAIMS_LINE.', 'OPERATIONAL'),
    ('Medication', 'Concept', FALSE, 'A canonical drug concept keyed on RxNorm. Master source is NDC_PRODUCT (holds the RxNorm<->NDC crosswalk and GENERIC_NAME/STRENGTH used for text matching); resolves EHR MEDICATION orders and PHARMACY_FILL dispenses, including NULL-RxNorm recovery.', 'OPERATIONAL'),
    ('ServiceSetting', 'Concept', FALSE, 'A CMS Place-of-Service concept (a TYPE of setting, not a physical place), e.g. POS 11 = Office. Sourced from PLACE_OF_SERVICE. Deliberately distinct from Location so a code category and a concrete department never collapse into one node.', 'OPERATIONAL'),
    ('Location', 'Entity', FALSE, 'A concrete physical care location / clinical department from EHR DEPARTMENT (carries its own address). Sits within a Facility via location_within_facility. Distinct from ServiceSetting (a POS code category).', 'OPERATIONAL'),
    ('Coverage', 'Entity', FALSE, 'An insurance coverage/policy instance (member + plan + group + subscriber + effective dates). Nested inline in PATIENT_MASTER (EMR view, no SUBSCRIBER_ID) and in MEMBER/CLAIMS_LINE (claims view). Family policies share a SUBSCRIBER_ID (e.g. SUBFAM1). EMR coverage reconciled to claims by MEMBER_ID.', 'OPERATIONAL')
AS t(CLASS_NAME, PARENT_CLASS_NAME, IS_ABSTRACT, DESCRIPTION, TYPE_CLASS);

CREATE TABLE IF NOT EXISTS ONT_RELATION_DEF (
    REL_NAME            STRING NOT NULL PRIMARY KEY,
    DOMAIN_CLASS        STRING NOT NULL,
    RANGE_CLASS         STRING NOT NULL,
    CARDINALITY         STRING DEFAULT 'N:N',
    IS_HIERARCHICAL     BOOLEAN DEFAULT FALSE,
    IS_TRANSITIVE       BOOLEAN DEFAULT FALSE,
    INVERSE_REL_NAME    STRING,
    DESCRIPTION         STRING,
    ONTOLOGY_NAME       STRING DEFAULT 'HEALTHCARE_ONTOLOGY'
);

INSERT INTO ONT_RELATION_DEF (REL_NAME, DOMAIN_CLASS, RANGE_CLASS, CARDINALITY, IS_HIERARCHICAL, IS_TRANSITIVE, INVERSE_REL_NAME, DESCRIPTION)
SELECT * FROM VALUES
    ('act_involves_patient', 'Act', 'Patient', 'N:1', FALSE, FALSE, 'patient_involved_in_act', 'Abstract relation: any clinical/administrative Act involves a Patient. Parent of encounter/claim/medication/observation patient links.'),
    ('act_involves_practitioner', 'Act', 'Practitioner', 'N:1', FALSE, FALSE, 'practitioner_involved_in_act', 'Abstract relation: any clinical/administrative Act involves a Practitioner. Parent of encounter/claim/medication practitioner links.'),
    ('patient_has_pcp', 'Patient', 'Practitioner', 'N:1', FALSE, FALSE, 'pcp_of_patient', 'Patient''s primary care provider. From PATIENT_MASTER.PCP_NPI resolved to a Practitioner by NPI.'),
    ('patient_has_coverage', 'Patient', 'Coverage', 'N:M', FALSE, FALSE, 'coverage_of_patient', 'Links a Patient to an insurance Coverage. Populated from EMR inline coverage (PATIENT_MASTER INS_*, reconciled to claims by MEMBER_ID) and claims MEMBER; enables EMR-vs-claims coverage reconciliation.'),
    ('coverage_with_payer', 'Coverage', 'Payer', 'N:1', FALSE, FALSE, 'payer_of_coverage', 'The Payer (plan/product) sponsoring a Coverage.'),
    ('coverage_subscriber_is', 'Coverage', 'Patient', 'N:1', FALSE, FALSE, 'subscriber_of_coverage', 'The subscriber (policyholder) Patient of a Coverage. Claims-side only: subscriber is the MEMBER with RELATIONSHIP=''self'' sharing the SUBSCRIBER_ID. Family members share a SUBSCRIBER_ID (e.g. SUBFAM1), enabling family-policy roster queries.'),
    ('patient_has_related_person', 'Patient', 'RelatedPerson', '1:0..1', FALSE, FALSE, 'related_person_of_patient', 'Patient''s next-of-kin/emergency contact (name, relationship, phone) from PATIENT_MASTER KIN_* columns. At most one per patient.'),
    ('related_person_resolves_to_patient', 'RelatedPerson', 'Patient', 'N:0..1', FALSE, FALSE, 'patient_is_related_person', 'Entity-resolution link: when a next-of-kin is themselves a patient in the system (e.g. James Johnson and Linda Williams each list the other as spouse), the RelatedPerson resolves to an existing Patient. Match is NAME-ONLY (KIN_NAME -> Patient.FULL_NAME) since KIN_* carries no DOB, so it is lower-confidence; optionally corroborated by the reciprocal spousal link (each lists the other) and shared address/phone. Prevents duplicate person identities.'),
    ('patient_has_condition', 'Patient', 'Condition', 'N:M', FALSE, FALSE, 'condition_of_patient', 'A Patient''s diagnosed condition from PROBLEM_LIST, keyed on canonical dotted ICD-10.'),
    ('practitioner_works_at', 'Practitioner', 'Location', 'N:1', FALSE, FALSE, 'location_employs_practitioner', 'The Location/department a Practitioner is affiliated with (PHYSICIAN.DEPT_ID).'),
    ('location_within_facility', 'Location', 'Facility', 'N:1', FALSE, FALSE, 'facility_contains_location', 'Part-of link: a Location (clinical department) sits within a Facility (DEPARTMENT.FACILITY_NAME).'),
    ('encounter_of_patient', 'Encounter', 'Patient', 'N:1', FALSE, FALSE, 'patient_had_encounter', 'The Patient seen in an Encounter (VISIT.MRN resolved to canonical patient).'),
    ('encounter_performed_by', 'Encounter', 'Practitioner', 'N:1', FALSE, FALSE, 'practitioner_performed_encounter', 'The Practitioner who performed an Encounter (VISIT.PHYSICIAN_ID local id resolved to NPI).'),
    ('encounter_at_location', 'Encounter', 'Location', 'N:1', FALSE, FALSE, 'location_hosted_encounter', 'The concrete Location (department) where an Encounter occurred (VISIT.DEPT_ID).'),
    ('encounter_diagnoses_condition', 'Encounter', 'Condition', 'N:1', FALSE, FALSE, 'condition_addressed_in_encounter', 'The primary Condition addressed in an Encounter (VISIT.PRIMARY_ICD10 canonicalized to dotted ICD-10).'),
    ('encounter_has_observation', 'Encounter', 'Observation', '1:N', FALSE, FALSE, 'observation_in_encounter', 'Observations captured for an Encounter. Exact for VISIT vitals (same row); INFERRED/optional for labs (LAB_RESULTS has only MRN+COLLECT_DATE, attached by COLLECT_DATE approx VISIT_DATE). observation_of_patient is the always-true edge for labs.'),
    ('observation_of_patient', 'Observation', 'Patient', 'N:1', FALSE, FALSE, 'patient_has_observation', 'The Patient an Observation was measured on (vitals via VISIT, labs via LAB_RESULTS.MRN). Always-true edge for every observation.'),
    ('claim_for_patient', 'Claim', 'Patient', 'N:1', FALSE, FALSE, 'patient_has_claim', 'The Patient a Claim is for (CLAIMS_LINE.MEMBER_ID resolved to canonical patient).'),
    ('claim_rendered_by', 'Claim', 'Practitioner', 'N:1', FALSE, FALSE, 'practitioner_rendered_claim', 'The Practitioner who rendered the service on a Claim (CLAIMS_LINE.RENDERING_NPI).'),
    ('claim_under_coverage', 'Claim', 'Coverage', 'N:1', FALSE, FALSE, 'coverage_paid_claim', 'The Coverage that adjudicated/paid a Claim (member + plan).'),
    ('claim_at_setting', 'Claim', 'ServiceSetting', 'N:1', FALSE, FALSE, 'setting_of_claim', 'The CMS place-of-service setting for a Claim (CLAIMS_LINE.POS_CODE -> ServiceSetting, e.g. 11=Office). A code category, not a physical Location.'),
    ('claim_for_encounter', 'Claim', 'Encounter', 'N:1', FALSE, FALSE, 'encounter_generated_claim', 'INFERRED cross-world link (no FK exists in the raw schema): aligns a payer Claim to the clinical Encounter that generated it, matched on resolved Patient + Practitioner (NPI) + SERVICE_DATE = VISIT_DATE. This is the flagship ontology-added edge bridging clinical and payer systems.'),
    ('claim_has_line', 'Claim', 'ClaimLine', '1:N', FALSE, FALSE, 'line_of_claim', 'Decomposes a Claim into its service lines (ClaimLine).'),
    ('claimline_involves_procedure', 'ClaimLine', 'Procedure', 'N:1', FALSE, FALSE, 'procedure_on_claimline', 'The CPT Procedure billed on a ClaimLine.'),
    ('claimline_diagnoses_condition', 'ClaimLine', 'Condition', 'N:1', FALSE, FALSE, 'condition_on_claimline', 'The diagnosis Condition on a ClaimLine (DX_CODE, dot-less ICD-10, normalized to dotted canonical to match EMR).'),
    ('medrequest_of_patient', 'MedicationRequest', 'Patient', 'N:1', FALSE, FALSE, 'patient_has_medrequest', 'The Patient a medication order was written for (MEDICATION.MRN resolved).'),
    ('medrequest_ordered_by', 'MedicationRequest', 'Practitioner', 'N:1', FALSE, FALSE, 'practitioner_ordered_medrequest', 'The Practitioner who ordered a medication (MEDICATION.PHYSICIAN_ID local id resolved to NPI).'),
    ('medrequest_for_medication', 'MedicationRequest', 'Medication', 'N:1', FALSE, FALSE, 'medication_ordered_in_request', 'The canonical Medication (RxNorm) ordered. Resolved INDEPENDENTLY (non-circular): if MEDICATION.RXNORM_CODE is present use it directly; if NULL, match DRUG_NAME to NDC_PRODUCT.GENERIC_NAME + STRENGTH by text to recover the RxNorm.'),
    ('medrequest_during_encounter', 'MedicationRequest', 'Encounter', 'N:0..1', FALSE, FALSE, 'encounter_has_medrequest', 'INFERRED link: a medication order placed during a clinical Encounter, matched on resolved Patient + ordering Practitioner (NPI) + ORDER_DATE = VISIT_DATE.'),
    ('dispense_of_patient', 'MedicationDispense', 'Patient', 'N:1', FALSE, FALSE, 'patient_has_dispense', 'The Patient a fill was dispensed to (PHARMACY_FILL.RX_MEMBER_ID resolved via SUBSCRIBER SSN/name+DOB; RX_MEMBER_ID is NOT the claims MEMBER_ID).'),
    ('dispense_prescribed_by', 'MedicationDispense', 'Practitioner', 'N:1', FALSE, FALSE, 'practitioner_prescribed_dispense', 'The Practitioner who prescribed a dispensed fill (PHARMACY_FILL.PRESCRIBER_ID = NPI).'),
    ('dispense_of_medication', 'MedicationDispense', 'Medication', 'N:1', FALSE, FALSE, 'medication_dispensed_in', 'The canonical Medication dispensed (PHARMACY_FILL.NDC -> NDC_PRODUCT.RXNORM_CODE).'),
    ('dispense_fulfills_request', 'MedicationDispense', 'MedicationRequest', 'N:1', FALSE, FALSE, 'request_fulfilled_by_dispense', 'INFERRED link from a pharmacy dispense back to the EMR order it fulfills. Matched on resolved Patient + prescriber/orderer (NPI) + date proximity (WRITTEN_DATE approx ORDER_DATE) + same drug. Drug match uses RxNorm when available; for NULL-RxNorm orders it falls back to name-to-brand/generic text matching (DRUG_NAME <-> GENERIC_NAME/BRAND + STRENGTH).')
AS t(REL_NAME, DOMAIN_CLASS, RANGE_CLASS, CARDINALITY, IS_HIERARCHICAL, IS_TRANSITIVE, INVERSE_REL_NAME, DESCRIPTION);

CREATE TABLE IF NOT EXISTS ONT_CLASS_MAP (
    MAP_ID              STRING DEFAULT UUID_STRING() PRIMARY KEY,
    CLASS_NAME          STRING NOT NULL,
    SOURCE_DATABASE     STRING NOT NULL,
    SOURCE_SCHEMA       STRING NOT NULL,
    SOURCE_TABLE        STRING NOT NULL,
    FILTER_COL          STRING,
    FILTER_VAL          STRING,
    ID_EXPR             STRING NOT NULL,
    NAME_EXPR           STRING,
    SUBTYPE_EXPR        STRING,
    ONTOLOGY_NAME       STRING DEFAULT 'HEALTHCARE_ONTOLOGY'
);

INSERT INTO ONT_CLASS_MAP (CLASS_NAME, SOURCE_DATABASE, SOURCE_SCHEMA, SOURCE_TABLE, FILTER_COL, FILTER_VAL, ID_EXPR, NAME_EXPR)
SELECT * FROM VALUES
    ('Patient', 'CLINICAL_EMR', 'ONTOLOGY', 'KG_NODE', 'NODE_TYPE', 'Patient', 'NODE_ID', 'NAME'),
    ('Practitioner', 'CLINICAL_EMR', 'ONTOLOGY', 'KG_NODE', 'NODE_TYPE', 'Practitioner', 'NODE_ID', 'NAME'),
    ('RelatedPerson', 'CLINICAL_EMR', 'ONTOLOGY', 'KG_NODE', 'NODE_TYPE', 'RelatedPerson', 'NODE_ID', 'NAME'),
    ('Payer', 'CLINICAL_EMR', 'ONTOLOGY', 'KG_NODE', 'NODE_TYPE', 'Payer', 'NODE_ID', 'NAME'),
    ('Facility', 'CLINICAL_EMR', 'ONTOLOGY', 'KG_NODE', 'NODE_TYPE', 'Facility', 'NODE_ID', 'NAME'),
    ('Encounter', 'CLINICAL_EMR', 'ONTOLOGY', 'KG_NODE', 'NODE_TYPE', 'Encounter', 'NODE_ID', 'NAME'),
    ('Claim', 'CLINICAL_EMR', 'ONTOLOGY', 'KG_NODE', 'NODE_TYPE', 'Claim', 'NODE_ID', 'NAME'),
    ('ClaimLine', 'CLINICAL_EMR', 'ONTOLOGY', 'KG_NODE', 'NODE_TYPE', 'ClaimLine', 'NODE_ID', 'NAME'),
    ('MedicationRequest', 'CLINICAL_EMR', 'ONTOLOGY', 'KG_NODE', 'NODE_TYPE', 'MedicationRequest', 'NODE_ID', 'NAME'),
    ('MedicationDispense', 'CLINICAL_EMR', 'ONTOLOGY', 'KG_NODE', 'NODE_TYPE', 'MedicationDispense', 'NODE_ID', 'NAME'),
    ('Observation', 'CLINICAL_EMR', 'ONTOLOGY', 'KG_NODE', 'NODE_TYPE', 'Observation', 'NODE_ID', 'NAME'),
    ('Condition', 'CLINICAL_EMR', 'ONTOLOGY', 'KG_NODE', 'NODE_TYPE', 'Condition', 'NODE_ID', 'NAME'),
    ('Procedure', 'CLINICAL_EMR', 'ONTOLOGY', 'KG_NODE', 'NODE_TYPE', 'Procedure', 'NODE_ID', 'NAME'),
    ('Medication', 'CLINICAL_EMR', 'ONTOLOGY', 'KG_NODE', 'NODE_TYPE', 'Medication', 'NODE_ID', 'NAME'),
    ('ServiceSetting', 'CLINICAL_EMR', 'ONTOLOGY', 'KG_NODE', 'NODE_TYPE', 'ServiceSetting', 'NODE_ID', 'NAME'),
    ('Location', 'CLINICAL_EMR', 'ONTOLOGY', 'KG_NODE', 'NODE_TYPE', 'Location', 'NODE_ID', 'NAME'),
    ('Coverage', 'CLINICAL_EMR', 'ONTOLOGY', 'KG_NODE', 'NODE_TYPE', 'Coverage', 'NODE_ID', 'NAME')
AS t(CLASS_NAME, SOURCE_DATABASE, SOURCE_SCHEMA, SOURCE_TABLE, FILTER_COL, FILTER_VAL, ID_EXPR, NAME_EXPR);

CREATE TABLE IF NOT EXISTS ONT_REL_MAP (
    MAP_ID              STRING DEFAULT UUID_STRING() PRIMARY KEY,
    REL_NAME            STRING NOT NULL,
    SOURCE_DATABASE     STRING NOT NULL,
    SOURCE_SCHEMA       STRING NOT NULL,
    SOURCE_TABLE        STRING NOT NULL,
    SRC_ID_EXPR         STRING NOT NULL,
    DST_ID_EXPR         STRING NOT NULL,
    FILTER_COL          STRING,
    FILTER_VAL          STRING,
    ONTOLOGY_NAME       STRING DEFAULT 'HEALTHCARE_ONTOLOGY'
);

INSERT INTO ONT_REL_MAP (REL_NAME, SOURCE_DATABASE, SOURCE_SCHEMA, SOURCE_TABLE, SRC_ID_EXPR, DST_ID_EXPR, FILTER_COL, FILTER_VAL)
SELECT * FROM VALUES
    ('patient_has_pcp', 'CLINICAL_EMR', 'ONTOLOGY', 'KG_EDGE', 'SRC_ID', 'DST_ID', 'EDGE_TYPE', 'patient_has_pcp'),
    ('patient_has_coverage', 'CLINICAL_EMR', 'ONTOLOGY', 'KG_EDGE', 'SRC_ID', 'DST_ID', 'EDGE_TYPE', 'patient_has_coverage'),
    ('coverage_with_payer', 'CLINICAL_EMR', 'ONTOLOGY', 'KG_EDGE', 'SRC_ID', 'DST_ID', 'EDGE_TYPE', 'coverage_with_payer'),
    ('coverage_subscriber_is', 'CLINICAL_EMR', 'ONTOLOGY', 'KG_EDGE', 'SRC_ID', 'DST_ID', 'EDGE_TYPE', 'coverage_subscriber_is'),
    ('patient_has_related_person', 'CLINICAL_EMR', 'ONTOLOGY', 'KG_EDGE', 'SRC_ID', 'DST_ID', 'EDGE_TYPE', 'patient_has_related_person'),
    ('related_person_resolves_to_patient', 'CLINICAL_EMR', 'ONTOLOGY', 'KG_EDGE', 'SRC_ID', 'DST_ID', 'EDGE_TYPE', 'related_person_resolves_to_patient'),
    ('patient_has_condition', 'CLINICAL_EMR', 'ONTOLOGY', 'KG_EDGE', 'SRC_ID', 'DST_ID', 'EDGE_TYPE', 'patient_has_condition'),
    ('practitioner_works_at', 'CLINICAL_EMR', 'ONTOLOGY', 'KG_EDGE', 'SRC_ID', 'DST_ID', 'EDGE_TYPE', 'practitioner_works_at'),
    ('location_within_facility', 'CLINICAL_EMR', 'ONTOLOGY', 'KG_EDGE', 'SRC_ID', 'DST_ID', 'EDGE_TYPE', 'location_within_facility'),
    ('encounter_of_patient', 'CLINICAL_EMR', 'ONTOLOGY', 'KG_EDGE', 'SRC_ID', 'DST_ID', 'EDGE_TYPE', 'encounter_of_patient'),
    ('encounter_performed_by', 'CLINICAL_EMR', 'ONTOLOGY', 'KG_EDGE', 'SRC_ID', 'DST_ID', 'EDGE_TYPE', 'encounter_performed_by'),
    ('encounter_at_location', 'CLINICAL_EMR', 'ONTOLOGY', 'KG_EDGE', 'SRC_ID', 'DST_ID', 'EDGE_TYPE', 'encounter_at_location'),
    ('encounter_diagnoses_condition', 'CLINICAL_EMR', 'ONTOLOGY', 'KG_EDGE', 'SRC_ID', 'DST_ID', 'EDGE_TYPE', 'encounter_diagnoses_condition'),
    ('encounter_has_observation', 'CLINICAL_EMR', 'ONTOLOGY', 'KG_EDGE', 'SRC_ID', 'DST_ID', 'EDGE_TYPE', 'encounter_has_observation'),
    ('observation_of_patient', 'CLINICAL_EMR', 'ONTOLOGY', 'KG_EDGE', 'SRC_ID', 'DST_ID', 'EDGE_TYPE', 'observation_of_patient'),
    ('claim_for_patient', 'CLINICAL_EMR', 'ONTOLOGY', 'KG_EDGE', 'SRC_ID', 'DST_ID', 'EDGE_TYPE', 'claim_for_patient'),
    ('claim_rendered_by', 'CLINICAL_EMR', 'ONTOLOGY', 'KG_EDGE', 'SRC_ID', 'DST_ID', 'EDGE_TYPE', 'claim_rendered_by'),
    ('claim_under_coverage', 'CLINICAL_EMR', 'ONTOLOGY', 'KG_EDGE', 'SRC_ID', 'DST_ID', 'EDGE_TYPE', 'claim_under_coverage'),
    ('claim_at_setting', 'CLINICAL_EMR', 'ONTOLOGY', 'KG_EDGE', 'SRC_ID', 'DST_ID', 'EDGE_TYPE', 'claim_at_setting'),
    ('claim_for_encounter', 'CLINICAL_EMR', 'ONTOLOGY', 'KG_EDGE', 'SRC_ID', 'DST_ID', 'EDGE_TYPE', 'claim_for_encounter'),
    ('claim_has_line', 'CLINICAL_EMR', 'ONTOLOGY', 'KG_EDGE', 'SRC_ID', 'DST_ID', 'EDGE_TYPE', 'claim_has_line'),
    ('claimline_involves_procedure', 'CLINICAL_EMR', 'ONTOLOGY', 'KG_EDGE', 'SRC_ID', 'DST_ID', 'EDGE_TYPE', 'claimline_involves_procedure'),
    ('claimline_diagnoses_condition', 'CLINICAL_EMR', 'ONTOLOGY', 'KG_EDGE', 'SRC_ID', 'DST_ID', 'EDGE_TYPE', 'claimline_diagnoses_condition'),
    ('medrequest_of_patient', 'CLINICAL_EMR', 'ONTOLOGY', 'KG_EDGE', 'SRC_ID', 'DST_ID', 'EDGE_TYPE', 'medrequest_of_patient'),
    ('medrequest_ordered_by', 'CLINICAL_EMR', 'ONTOLOGY', 'KG_EDGE', 'SRC_ID', 'DST_ID', 'EDGE_TYPE', 'medrequest_ordered_by'),
    ('medrequest_for_medication', 'CLINICAL_EMR', 'ONTOLOGY', 'KG_EDGE', 'SRC_ID', 'DST_ID', 'EDGE_TYPE', 'medrequest_for_medication'),
    ('medrequest_during_encounter', 'CLINICAL_EMR', 'ONTOLOGY', 'KG_EDGE', 'SRC_ID', 'DST_ID', 'EDGE_TYPE', 'medrequest_during_encounter'),
    ('dispense_of_patient', 'CLINICAL_EMR', 'ONTOLOGY', 'KG_EDGE', 'SRC_ID', 'DST_ID', 'EDGE_TYPE', 'dispense_of_patient'),
    ('dispense_prescribed_by', 'CLINICAL_EMR', 'ONTOLOGY', 'KG_EDGE', 'SRC_ID', 'DST_ID', 'EDGE_TYPE', 'dispense_prescribed_by'),
    ('dispense_of_medication', 'CLINICAL_EMR', 'ONTOLOGY', 'KG_EDGE', 'SRC_ID', 'DST_ID', 'EDGE_TYPE', 'dispense_of_medication'),
    ('dispense_fulfills_request', 'CLINICAL_EMR', 'ONTOLOGY', 'KG_EDGE', 'SRC_ID', 'DST_ID', 'EDGE_TYPE', 'dispense_fulfills_request')
AS t(REL_NAME, SOURCE_DATABASE, SOURCE_SCHEMA, SOURCE_TABLE, SRC_ID_EXPR, DST_ID_EXPR, FILTER_COL, FILTER_VAL);

-- Ontology Registry
CREATE TABLE IF NOT EXISTS ONT_ONTOLOGY (
    ONTOLOGY_NAME       STRING PRIMARY KEY,
    DESCRIPTION         STRING,
    VERSION             STRING,
    DEFAULT_SCHEMA      STRING,
    CREATED_BY          STRING,
    CREATED_AT          TIMESTAMP_NTZ DEFAULT CURRENT_TIMESTAMP(),
    IS_ACTIVE           BOOLEAN DEFAULT TRUE
);

INSERT INTO ONT_ONTOLOGY (ONTOLOGY_NAME, VERSION, DESCRIPTION, DEFAULT_SCHEMA, CREATED_BY, IS_ACTIVE)
VALUES ('HEALTHCARE_ONTOLOGY', '1.0.0', 'HEALTHCARE_ONTOLOGY Ontology', 'ONTOLOGY', 'SYSTEM', TRUE);

-- Object Source Mappings
CREATE TABLE IF NOT EXISTS ONT_OBJECT_SOURCE (
    ONTOLOGY_NAME       STRING,
    OBJ_TYPE            STRING,
    SOURCE_TABLE        STRING,
    FILTER_SQL          STRING,
    MAPPING             VARIANT,
    PRIMARY KEY (ONTOLOGY_NAME, OBJ_TYPE, SOURCE_TABLE)
);

INSERT INTO ONT_OBJECT_SOURCE (ONTOLOGY_NAME, OBJ_TYPE, SOURCE_TABLE, FILTER_SQL, MAPPING)
SELECT 'HEALTHCARE_ONTOLOGY', 'Patient', 'KG_NODE', 'NODE_TYPE = ''''PATIENT''''', PARSE_JSON('{"NODE_ID": "id", "NAME": "name", "PROPS:MRN": "mrn", "PROPS:MEMBER_ID": "member_id", "PROPS:RX_MEMBER_ID": "rx_member_id", "PROPS:SSN": "ssn", "PROPS:FULL_NAME": "full_name", "PROPS:FIRST_NAME": "first_name", "PROPS:LAST_NAME": "last_name", "PROPS:DOB": "dob", "PROPS:GENDER": "gender", "PROPS:CITY": "city", "PROPS:STATE": "state", "PROPS:ZIP": "zip", "PROPS:PHONE": "phone", "PROPS:SOURCE_SYSTEMS": "source_systems"}');
INSERT INTO ONT_OBJECT_SOURCE (ONTOLOGY_NAME, OBJ_TYPE, SOURCE_TABLE, FILTER_SQL, MAPPING)
SELECT 'HEALTHCARE_ONTOLOGY', 'Practitioner', 'KG_NODE', 'NODE_TYPE = ''''PRACTITIONER''''', PARSE_JSON('{"NODE_ID": "id", "NAME": "name", "PROPS:NPI": "npi", "PROPS:FULL_NAME": "full_name", "PROPS:NAME_EMR": "name_emr", "PROPS:NAME_CLAIMS": "name_claims", "PROPS:NAME_PHARMACY": "name_pharmacy", "PROPS:SPECIALTY": "specialty", "PROPS:SPECIALTY_RAW_CLAIMS": "specialty_raw_claims", "PROPS:LOCAL_PHYSICIAN_ID": "local_physician_id", "PROPS:DEPT_ID": "dept_id", "PROPS:DEA_NUMBER": "dea_number", "PROPS:SOURCE_SYSTEMS": "source_systems"}');
INSERT INTO ONT_OBJECT_SOURCE (ONTOLOGY_NAME, OBJ_TYPE, SOURCE_TABLE, FILTER_SQL, MAPPING)
SELECT 'HEALTHCARE_ONTOLOGY', 'RelatedPerson', 'KG_NODE', 'NODE_TYPE = ''''RELATEDPERSON''''', PARSE_JSON('{"NODE_ID": "id", "NAME": "name", "PROPS:KIN_NAME": "kin_name", "PROPS:KIN_RELATION": "kin_relation", "PROPS:KIN_PHONE": "kin_phone", "PROPS:PATIENT_KEY": "patient_key", "PROPS:RESOLVED_PATIENT_KEY": "resolved_patient_key"}');
INSERT INTO ONT_OBJECT_SOURCE (ONTOLOGY_NAME, OBJ_TYPE, SOURCE_TABLE, FILTER_SQL, MAPPING)
SELECT 'HEALTHCARE_ONTOLOGY', 'Payer', 'KG_NODE', 'NODE_TYPE = ''''PAYER''''', PARSE_JSON('{"NODE_ID": "id", "NAME": "name", "PROPS:PAYER_NAME": "payer_name", "PROPS:SOURCE_SYSTEMS": "source_systems"}');
INSERT INTO ONT_OBJECT_SOURCE (ONTOLOGY_NAME, OBJ_TYPE, SOURCE_TABLE, FILTER_SQL, MAPPING)
SELECT 'HEALTHCARE_ONTOLOGY', 'Facility', 'KG_NODE', 'NODE_TYPE = ''''FACILITY''''', PARSE_JSON('{"NODE_ID": "id", "NAME": "name", "PROPS:FACILITY_KEY": "facility_key", "PROPS:FACILITY_NAME": "facility_name"}');
INSERT INTO ONT_OBJECT_SOURCE (ONTOLOGY_NAME, OBJ_TYPE, SOURCE_TABLE, FILTER_SQL, MAPPING)
SELECT 'HEALTHCARE_ONTOLOGY', 'Encounter', 'KG_NODE', 'NODE_TYPE = ''''ENCOUNTER''''', PARSE_JSON('{"NODE_ID": "id", "NAME": "name", "PROPS:VISIT_ID": "visit_id", "PROPS:VISIT_DATE": "visit_date", "PROPS:VISIT_TYPE": "visit_type", "PROPS:STATUS": "status", "PROPS:PATIENT_KEY": "patient_key", "PROPS:NPI": "npi", "PROPS:DEPT_ID": "dept_id", "PROPS:PRIMARY_ICD10": "primary_icd10"}');
INSERT INTO ONT_OBJECT_SOURCE (ONTOLOGY_NAME, OBJ_TYPE, SOURCE_TABLE, FILTER_SQL, MAPPING)
SELECT 'HEALTHCARE_ONTOLOGY', 'Claim', 'KG_NODE', 'NODE_TYPE = ''''CLAIM''''', PARSE_JSON('{"NODE_ID": "id", "NAME": "name", "PROPS:CLAIM_ID": "claim_id", "PROPS:MEMBER_ID": "member_id", "PROPS:SUBSCRIBER_ID": "subscriber_id", "PROPS:PATIENT_KEY": "patient_key", "PROPS:PLAN_NAME": "plan_name", "PROPS:RENDERING_NPI": "rendering_npi", "PROPS:SERVICE_DATE": "service_date", "PROPS:POS_CODE": "pos_code", "PROPS:CLAIM_STATUS": "claim_status", "PROPS:TOTAL_CHARGE": "total_charge", "PROPS:TOTAL_PAID": "total_paid"}');
INSERT INTO ONT_OBJECT_SOURCE (ONTOLOGY_NAME, OBJ_TYPE, SOURCE_TABLE, FILTER_SQL, MAPPING)
SELECT 'HEALTHCARE_ONTOLOGY', 'ClaimLine', 'KG_NODE', 'NODE_TYPE = ''''CLAIMLINE''''', PARSE_JSON('{"NODE_ID": "id", "NAME": "name", "PROPS:CLAIM_ID": "claim_id", "PROPS:LINE_NO": "line_no", "PROPS:CPT_CODE": "cpt_code", "PROPS:CPT_DESC": "cpt_desc", "PROPS:DX_CODE": "dx_code", "PROPS:DX_CANONICAL": "dx_canonical", "PROPS:CHARGE_AMT": "charge_amt", "PROPS:ALLOWED_AMT": "allowed_amt", "PROPS:PAID_AMT": "paid_amt"}');
INSERT INTO ONT_OBJECT_SOURCE (ONTOLOGY_NAME, OBJ_TYPE, SOURCE_TABLE, FILTER_SQL, MAPPING)
SELECT 'HEALTHCARE_ONTOLOGY', 'MedicationRequest', 'KG_NODE', 'NODE_TYPE = ''''MEDICATIONREQUEST''''', PARSE_JSON('{"NODE_ID": "id", "NAME": "name", "PROPS:MED_ORDER_ID": "med_order_id", "PROPS:PATIENT_KEY": "patient_key", "PROPS:PHYSICIAN_NPI": "physician_npi", "PROPS:ORDER_DATE": "order_date", "PROPS:DRUG_NAME": "drug_name", "PROPS:RXNORM_CODE": "rxnorm_code", "PROPS:RXNORM_RESOLVED": "rxnorm_resolved", "PROPS:RXNORM_WAS_NULL": "rxnorm_was_null", "PROPS:SIG": "sig", "PROPS:QUANTITY": "quantity", "PROPS:REFILLS": "refills"}');
INSERT INTO ONT_OBJECT_SOURCE (ONTOLOGY_NAME, OBJ_TYPE, SOURCE_TABLE, FILTER_SQL, MAPPING)
SELECT 'HEALTHCARE_ONTOLOGY', 'MedicationDispense', 'KG_NODE', 'NODE_TYPE = ''''MEDICATIONDISPENSE''''', PARSE_JSON('{"NODE_ID": "id", "NAME": "name", "PROPS:FILL_ID": "fill_id", "PROPS:RX_MEMBER_ID": "rx_member_id", "PROPS:PATIENT_KEY": "patient_key", "PROPS:PRESCRIBER_NPI": "prescriber_npi", "PROPS:NDC": "ndc", "PROPS:RXNORM_CODE": "rxnorm_code", "PROPS:DRUG_DESC": "drug_desc", "PROPS:WRITTEN_DATE": "written_date", "PROPS:FILL_DATE": "fill_date", "PROPS:DAYS_SUPPLY": "days_supply", "PROPS:QUANTITY": "quantity", "PROPS:FILL_STATUS": "fill_status"}');
INSERT INTO ONT_OBJECT_SOURCE (ONTOLOGY_NAME, OBJ_TYPE, SOURCE_TABLE, FILTER_SQL, MAPPING)
SELECT 'HEALTHCARE_ONTOLOGY', 'Observation', 'KG_NODE', 'NODE_TYPE = ''''OBSERVATION''''', PARSE_JSON('{"NODE_ID": "id", "NAME": "name", "PROPS:OBS_KIND": "obs_kind", "PROPS:OBS_CODE": "obs_code", "PROPS:OBS_NAME": "obs_name", "PROPS:VALUE_NUM": "value_num", "PROPS:UNIT": "unit", "PROPS:OBS_DATE": "obs_date", "PROPS:PATIENT_KEY": "patient_key", "PROPS:VISIT_ID": "visit_id"}');
INSERT INTO ONT_OBJECT_SOURCE (ONTOLOGY_NAME, OBJ_TYPE, SOURCE_TABLE, FILTER_SQL, MAPPING)
SELECT 'HEALTHCARE_ONTOLOGY', 'Condition', 'KG_NODE', 'NODE_TYPE = ''''CONDITION''''', PARSE_JSON('{"NODE_ID": "id", "NAME": "name", "PROPS:ICD10_DOTTED": "icd10_dotted", "PROPS:ICD10_NODOT": "icd10_nodot", "PROPS:ICD10_DESC": "icd10_desc", "PROPS:SNOMED_CODE": "snomed_code", "PROPS:SOURCE_SYSTEMS": "source_systems"}');
INSERT INTO ONT_OBJECT_SOURCE (ONTOLOGY_NAME, OBJ_TYPE, SOURCE_TABLE, FILTER_SQL, MAPPING)
SELECT 'HEALTHCARE_ONTOLOGY', 'Procedure', 'KG_NODE', 'NODE_TYPE = ''''PROCEDURE''''', PARSE_JSON('{"NODE_ID": "id", "NAME": "name", "PROPS:CPT_CODE": "cpt_code", "PROPS:CPT_DESC": "cpt_desc"}');
INSERT INTO ONT_OBJECT_SOURCE (ONTOLOGY_NAME, OBJ_TYPE, SOURCE_TABLE, FILTER_SQL, MAPPING)
SELECT 'HEALTHCARE_ONTOLOGY', 'Medication', 'KG_NODE', 'NODE_TYPE = ''''MEDICATION''''', PARSE_JSON('{"NODE_ID": "id", "NAME": "name", "PROPS:RXNORM_CODE": "rxnorm_code", "PROPS:GENERIC_NAME": "generic_name", "PROPS:BRAND_NAME": "brand_name", "PROPS:STRENGTH": "strength", "PROPS:DOSAGE_FORM": "dosage_form", "PROPS:NDC_EXAMPLE": "ndc_example"}');
INSERT INTO ONT_OBJECT_SOURCE (ONTOLOGY_NAME, OBJ_TYPE, SOURCE_TABLE, FILTER_SQL, MAPPING)
SELECT 'HEALTHCARE_ONTOLOGY', 'ServiceSetting', 'KG_NODE', 'NODE_TYPE = ''''SERVICESETTING''''', PARSE_JSON('{"NODE_ID": "id", "NAME": "name", "PROPS:POS_CODE": "pos_code", "PROPS:POS_DESCRIPTION": "pos_description"}');
INSERT INTO ONT_OBJECT_SOURCE (ONTOLOGY_NAME, OBJ_TYPE, SOURCE_TABLE, FILTER_SQL, MAPPING)
SELECT 'HEALTHCARE_ONTOLOGY', 'Location', 'KG_NODE', 'NODE_TYPE = ''''LOCATION''''', PARSE_JSON('{"NODE_ID": "id", "NAME": "name", "PROPS:DEPT_ID": "dept_id", "PROPS:DEPT_NAME": "dept_name", "PROPS:FACILITY_NAME": "facility_name", "PROPS:FACILITY_KEY": "facility_key", "PROPS:ADDRESS": "address", "PROPS:CITY": "city", "PROPS:STATE": "state", "PROPS:ZIP": "zip"}');
INSERT INTO ONT_OBJECT_SOURCE (ONTOLOGY_NAME, OBJ_TYPE, SOURCE_TABLE, FILTER_SQL, MAPPING)
SELECT 'HEALTHCARE_ONTOLOGY', 'Coverage', 'KG_NODE', 'NODE_TYPE = ''''COVERAGE''''', PARSE_JSON('{"NODE_ID": "id", "NAME": "name", "PROPS:COVERAGE_ID": "coverage_id", "PROPS:COVERAGE_SOURCE": "coverage_source", "PROPS:PATIENT_KEY": "patient_key", "PROPS:PAYER_NAME": "payer_name", "PROPS:PLAN_NAME": "plan_name", "PROPS:GROUP_NO": "group_no", "PROPS:MEMBER_ID": "member_id", "PROPS:SUBSCRIBER_ID": "subscriber_id", "PROPS:RELATIONSHIP": "relationship", "PROPS:EFFECTIVE_DATE": "effective_date", "PROPS:TERM_DATE": "term_date"}');

-- Link Source Mappings
CREATE TABLE IF NOT EXISTS ONT_LINK_SOURCE (
    ONTOLOGY_NAME       STRING,
    LINK_TYPE           STRING,
    SOURCE_TABLE        STRING,
    FILTER_SQL          STRING,
    MAPPING             VARIANT,
    PRIMARY KEY (ONTOLOGY_NAME, LINK_TYPE, SOURCE_TABLE)
);

INSERT INTO ONT_LINK_SOURCE (ONTOLOGY_NAME, LINK_TYPE, SOURCE_TABLE, FILTER_SQL, MAPPING)
SELECT 'HEALTHCARE_ONTOLOGY', 'patient_has_pcp', 'KG_EDGE', 'EDGE_TYPE = ''''patient_has_pcp''''', PARSE_JSON('{"SRC_ID": "src_id", "DST_ID": "dst_id"}');
INSERT INTO ONT_LINK_SOURCE (ONTOLOGY_NAME, LINK_TYPE, SOURCE_TABLE, FILTER_SQL, MAPPING)
SELECT 'HEALTHCARE_ONTOLOGY', 'patient_has_coverage', 'KG_EDGE', 'EDGE_TYPE = ''''patient_has_coverage''''', PARSE_JSON('{"SRC_ID": "src_id", "DST_ID": "dst_id"}');
INSERT INTO ONT_LINK_SOURCE (ONTOLOGY_NAME, LINK_TYPE, SOURCE_TABLE, FILTER_SQL, MAPPING)
SELECT 'HEALTHCARE_ONTOLOGY', 'coverage_with_payer', 'KG_EDGE', 'EDGE_TYPE = ''''coverage_with_payer''''', PARSE_JSON('{"SRC_ID": "src_id", "DST_ID": "dst_id"}');
INSERT INTO ONT_LINK_SOURCE (ONTOLOGY_NAME, LINK_TYPE, SOURCE_TABLE, FILTER_SQL, MAPPING)
SELECT 'HEALTHCARE_ONTOLOGY', 'coverage_subscriber_is', 'KG_EDGE', 'EDGE_TYPE = ''''coverage_subscriber_is''''', PARSE_JSON('{"SRC_ID": "src_id", "DST_ID": "dst_id"}');
INSERT INTO ONT_LINK_SOURCE (ONTOLOGY_NAME, LINK_TYPE, SOURCE_TABLE, FILTER_SQL, MAPPING)
SELECT 'HEALTHCARE_ONTOLOGY', 'patient_has_related_person', 'KG_EDGE', 'EDGE_TYPE = ''''patient_has_related_person''''', PARSE_JSON('{"SRC_ID": "src_id", "DST_ID": "dst_id"}');
INSERT INTO ONT_LINK_SOURCE (ONTOLOGY_NAME, LINK_TYPE, SOURCE_TABLE, FILTER_SQL, MAPPING)
SELECT 'HEALTHCARE_ONTOLOGY', 'related_person_resolves_to_patient', 'KG_EDGE', 'EDGE_TYPE = ''''related_person_resolves_to_patient''''', PARSE_JSON('{"SRC_ID": "src_id", "DST_ID": "dst_id"}');
INSERT INTO ONT_LINK_SOURCE (ONTOLOGY_NAME, LINK_TYPE, SOURCE_TABLE, FILTER_SQL, MAPPING)
SELECT 'HEALTHCARE_ONTOLOGY', 'patient_has_condition', 'KG_EDGE', 'EDGE_TYPE = ''''patient_has_condition''''', PARSE_JSON('{"SRC_ID": "src_id", "DST_ID": "dst_id"}');
INSERT INTO ONT_LINK_SOURCE (ONTOLOGY_NAME, LINK_TYPE, SOURCE_TABLE, FILTER_SQL, MAPPING)
SELECT 'HEALTHCARE_ONTOLOGY', 'practitioner_works_at', 'KG_EDGE', 'EDGE_TYPE = ''''practitioner_works_at''''', PARSE_JSON('{"SRC_ID": "src_id", "DST_ID": "dst_id"}');
INSERT INTO ONT_LINK_SOURCE (ONTOLOGY_NAME, LINK_TYPE, SOURCE_TABLE, FILTER_SQL, MAPPING)
SELECT 'HEALTHCARE_ONTOLOGY', 'location_within_facility', 'KG_EDGE', 'EDGE_TYPE = ''''location_within_facility''''', PARSE_JSON('{"SRC_ID": "src_id", "DST_ID": "dst_id"}');
INSERT INTO ONT_LINK_SOURCE (ONTOLOGY_NAME, LINK_TYPE, SOURCE_TABLE, FILTER_SQL, MAPPING)
SELECT 'HEALTHCARE_ONTOLOGY', 'encounter_of_patient', 'KG_EDGE', 'EDGE_TYPE = ''''encounter_of_patient''''', PARSE_JSON('{"SRC_ID": "src_id", "DST_ID": "dst_id"}');
INSERT INTO ONT_LINK_SOURCE (ONTOLOGY_NAME, LINK_TYPE, SOURCE_TABLE, FILTER_SQL, MAPPING)
SELECT 'HEALTHCARE_ONTOLOGY', 'encounter_performed_by', 'KG_EDGE', 'EDGE_TYPE = ''''encounter_performed_by''''', PARSE_JSON('{"SRC_ID": "src_id", "DST_ID": "dst_id"}');
INSERT INTO ONT_LINK_SOURCE (ONTOLOGY_NAME, LINK_TYPE, SOURCE_TABLE, FILTER_SQL, MAPPING)
SELECT 'HEALTHCARE_ONTOLOGY', 'encounter_at_location', 'KG_EDGE', 'EDGE_TYPE = ''''encounter_at_location''''', PARSE_JSON('{"SRC_ID": "src_id", "DST_ID": "dst_id"}');
INSERT INTO ONT_LINK_SOURCE (ONTOLOGY_NAME, LINK_TYPE, SOURCE_TABLE, FILTER_SQL, MAPPING)
SELECT 'HEALTHCARE_ONTOLOGY', 'encounter_diagnoses_condition', 'KG_EDGE', 'EDGE_TYPE = ''''encounter_diagnoses_condition''''', PARSE_JSON('{"SRC_ID": "src_id", "DST_ID": "dst_id"}');
INSERT INTO ONT_LINK_SOURCE (ONTOLOGY_NAME, LINK_TYPE, SOURCE_TABLE, FILTER_SQL, MAPPING)
SELECT 'HEALTHCARE_ONTOLOGY', 'encounter_has_observation', 'KG_EDGE', 'EDGE_TYPE = ''''encounter_has_observation''''', PARSE_JSON('{"SRC_ID": "src_id", "DST_ID": "dst_id"}');
INSERT INTO ONT_LINK_SOURCE (ONTOLOGY_NAME, LINK_TYPE, SOURCE_TABLE, FILTER_SQL, MAPPING)
SELECT 'HEALTHCARE_ONTOLOGY', 'observation_of_patient', 'KG_EDGE', 'EDGE_TYPE = ''''observation_of_patient''''', PARSE_JSON('{"SRC_ID": "src_id", "DST_ID": "dst_id"}');
INSERT INTO ONT_LINK_SOURCE (ONTOLOGY_NAME, LINK_TYPE, SOURCE_TABLE, FILTER_SQL, MAPPING)
SELECT 'HEALTHCARE_ONTOLOGY', 'claim_for_patient', 'KG_EDGE', 'EDGE_TYPE = ''''claim_for_patient''''', PARSE_JSON('{"SRC_ID": "src_id", "DST_ID": "dst_id"}');
INSERT INTO ONT_LINK_SOURCE (ONTOLOGY_NAME, LINK_TYPE, SOURCE_TABLE, FILTER_SQL, MAPPING)
SELECT 'HEALTHCARE_ONTOLOGY', 'claim_rendered_by', 'KG_EDGE', 'EDGE_TYPE = ''''claim_rendered_by''''', PARSE_JSON('{"SRC_ID": "src_id", "DST_ID": "dst_id"}');
INSERT INTO ONT_LINK_SOURCE (ONTOLOGY_NAME, LINK_TYPE, SOURCE_TABLE, FILTER_SQL, MAPPING)
SELECT 'HEALTHCARE_ONTOLOGY', 'claim_under_coverage', 'KG_EDGE', 'EDGE_TYPE = ''''claim_under_coverage''''', PARSE_JSON('{"SRC_ID": "src_id", "DST_ID": "dst_id"}');
INSERT INTO ONT_LINK_SOURCE (ONTOLOGY_NAME, LINK_TYPE, SOURCE_TABLE, FILTER_SQL, MAPPING)
SELECT 'HEALTHCARE_ONTOLOGY', 'claim_at_setting', 'KG_EDGE', 'EDGE_TYPE = ''''claim_at_setting''''', PARSE_JSON('{"SRC_ID": "src_id", "DST_ID": "dst_id"}');
INSERT INTO ONT_LINK_SOURCE (ONTOLOGY_NAME, LINK_TYPE, SOURCE_TABLE, FILTER_SQL, MAPPING)
SELECT 'HEALTHCARE_ONTOLOGY', 'claim_for_encounter', 'KG_EDGE', 'EDGE_TYPE = ''''claim_for_encounter''''', PARSE_JSON('{"SRC_ID": "src_id", "DST_ID": "dst_id"}');
INSERT INTO ONT_LINK_SOURCE (ONTOLOGY_NAME, LINK_TYPE, SOURCE_TABLE, FILTER_SQL, MAPPING)
SELECT 'HEALTHCARE_ONTOLOGY', 'claim_has_line', 'KG_EDGE', 'EDGE_TYPE = ''''claim_has_line''''', PARSE_JSON('{"SRC_ID": "src_id", "DST_ID": "dst_id"}');
INSERT INTO ONT_LINK_SOURCE (ONTOLOGY_NAME, LINK_TYPE, SOURCE_TABLE, FILTER_SQL, MAPPING)
SELECT 'HEALTHCARE_ONTOLOGY', 'claimline_involves_procedure', 'KG_EDGE', 'EDGE_TYPE = ''''claimline_involves_procedure''''', PARSE_JSON('{"SRC_ID": "src_id", "DST_ID": "dst_id"}');
INSERT INTO ONT_LINK_SOURCE (ONTOLOGY_NAME, LINK_TYPE, SOURCE_TABLE, FILTER_SQL, MAPPING)
SELECT 'HEALTHCARE_ONTOLOGY', 'claimline_diagnoses_condition', 'KG_EDGE', 'EDGE_TYPE = ''''claimline_diagnoses_condition''''', PARSE_JSON('{"SRC_ID": "src_id", "DST_ID": "dst_id"}');
INSERT INTO ONT_LINK_SOURCE (ONTOLOGY_NAME, LINK_TYPE, SOURCE_TABLE, FILTER_SQL, MAPPING)
SELECT 'HEALTHCARE_ONTOLOGY', 'medrequest_of_patient', 'KG_EDGE', 'EDGE_TYPE = ''''medrequest_of_patient''''', PARSE_JSON('{"SRC_ID": "src_id", "DST_ID": "dst_id"}');
INSERT INTO ONT_LINK_SOURCE (ONTOLOGY_NAME, LINK_TYPE, SOURCE_TABLE, FILTER_SQL, MAPPING)
SELECT 'HEALTHCARE_ONTOLOGY', 'medrequest_ordered_by', 'KG_EDGE', 'EDGE_TYPE = ''''medrequest_ordered_by''''', PARSE_JSON('{"SRC_ID": "src_id", "DST_ID": "dst_id"}');
INSERT INTO ONT_LINK_SOURCE (ONTOLOGY_NAME, LINK_TYPE, SOURCE_TABLE, FILTER_SQL, MAPPING)
SELECT 'HEALTHCARE_ONTOLOGY', 'medrequest_for_medication', 'KG_EDGE', 'EDGE_TYPE = ''''medrequest_for_medication''''', PARSE_JSON('{"SRC_ID": "src_id", "DST_ID": "dst_id"}');
INSERT INTO ONT_LINK_SOURCE (ONTOLOGY_NAME, LINK_TYPE, SOURCE_TABLE, FILTER_SQL, MAPPING)
SELECT 'HEALTHCARE_ONTOLOGY', 'medrequest_during_encounter', 'KG_EDGE', 'EDGE_TYPE = ''''medrequest_during_encounter''''', PARSE_JSON('{"SRC_ID": "src_id", "DST_ID": "dst_id"}');
INSERT INTO ONT_LINK_SOURCE (ONTOLOGY_NAME, LINK_TYPE, SOURCE_TABLE, FILTER_SQL, MAPPING)
SELECT 'HEALTHCARE_ONTOLOGY', 'dispense_of_patient', 'KG_EDGE', 'EDGE_TYPE = ''''dispense_of_patient''''', PARSE_JSON('{"SRC_ID": "src_id", "DST_ID": "dst_id"}');
INSERT INTO ONT_LINK_SOURCE (ONTOLOGY_NAME, LINK_TYPE, SOURCE_TABLE, FILTER_SQL, MAPPING)
SELECT 'HEALTHCARE_ONTOLOGY', 'dispense_prescribed_by', 'KG_EDGE', 'EDGE_TYPE = ''''dispense_prescribed_by''''', PARSE_JSON('{"SRC_ID": "src_id", "DST_ID": "dst_id"}');
INSERT INTO ONT_LINK_SOURCE (ONTOLOGY_NAME, LINK_TYPE, SOURCE_TABLE, FILTER_SQL, MAPPING)
SELECT 'HEALTHCARE_ONTOLOGY', 'dispense_of_medication', 'KG_EDGE', 'EDGE_TYPE = ''''dispense_of_medication''''', PARSE_JSON('{"SRC_ID": "src_id", "DST_ID": "dst_id"}');
INSERT INTO ONT_LINK_SOURCE (ONTOLOGY_NAME, LINK_TYPE, SOURCE_TABLE, FILTER_SQL, MAPPING)
SELECT 'HEALTHCARE_ONTOLOGY', 'dispense_fulfills_request', 'KG_EDGE', 'EDGE_TYPE = ''''dispense_fulfills_request''''', PARSE_JSON('{"SRC_ID": "src_id", "DST_ID": "dst_id"}');

-- Shared Properties
CREATE TABLE IF NOT EXISTS ONT_SHARED_PROPERTY (
    SHARED_PROP_NAME    STRING PRIMARY KEY,
    BASE_TYPE           STRING,
    DESCRIPTION         STRING,
    DEFAULT_FORMAT      STRING
);

INSERT INTO ONT_SHARED_PROPERTY (SHARED_PROP_NAME, BASE_TYPE, DESCRIPTION) VALUES
    ('member_id', 'STRING', 'Shared property member_id'),
    ('rx_member_id', 'STRING', 'Shared property rx_member_id'),
    ('full_name', 'STRING', 'Shared property full_name'),
    ('city', 'STRING', 'Shared property city'),
    ('state', 'STRING', 'Shared property state'),
    ('zip', 'STRING', 'Shared property zip'),
    ('source_systems', 'STRING', 'Shared property source_systems'),
    ('npi', 'STRING', 'Shared property npi'),
    ('dept_id', 'NUMBER', 'Shared property dept_id'),
    ('patient_key', 'STRING', 'Shared property patient_key'),
    ('payer_name', 'STRING', 'Shared property payer_name'),
    ('facility_key', 'STRING', 'Shared property facility_key'),
    ('facility_name', 'STRING', 'Shared property facility_name'),
    ('visit_id', 'STRING', 'Shared property visit_id'),
    ('claim_id', 'STRING', 'Shared property claim_id'),
    ('subscriber_id', 'STRING', 'Shared property subscriber_id'),
    ('plan_name', 'STRING', 'Shared property plan_name'),
    ('pos_code', 'STRING', 'Shared property pos_code'),
    ('cpt_code', 'STRING', 'Shared property cpt_code'),
    ('cpt_desc', 'STRING', 'Shared property cpt_desc'),
    ('rxnorm_code', 'STRING', 'Shared property rxnorm_code'),
    ('quantity', 'NUMBER', 'Shared property quantity');

-- Property Definitions
CREATE TABLE IF NOT EXISTS ONT_PROPERTY (
    CLASS_NAME          STRING,
    PROP_NAME           STRING,
    DATA_TYPE           STRING,
    SHARED_PROP_NAME    STRING,
    IS_REQUIRED         BOOLEAN DEFAULT FALSE,
    IS_INDEXED          BOOLEAN DEFAULT FALSE,
    DESCRIPTION         STRING,
    PRIMARY KEY (CLASS_NAME, PROP_NAME)
);

INSERT INTO ONT_PROPERTY (CLASS_NAME, PROP_NAME, DATA_TYPE, SHARED_PROP_NAME, IS_REQUIRED, IS_INDEXED, DESCRIPTION) VALUES
    ('Patient', 'mrn', 'STRING', NULL, FALSE, FALSE, 'MRN of Patient'),
    ('Patient', 'member_id', 'STRING', 'member_id', FALSE, FALSE, 'MEMBER_ID of Patient'),
    ('Patient', 'rx_member_id', 'STRING', 'rx_member_id', FALSE, FALSE, 'RX_MEMBER_ID of Patient'),
    ('Patient', 'ssn', 'STRING', NULL, FALSE, FALSE, 'SSN of Patient'),
    ('Patient', 'full_name', 'STRING', 'full_name', FALSE, FALSE, 'FULL_NAME of Patient'),
    ('Patient', 'first_name', 'STRING', NULL, FALSE, FALSE, 'FIRST_NAME of Patient'),
    ('Patient', 'last_name', 'STRING', NULL, FALSE, FALSE, 'LAST_NAME of Patient'),
    ('Patient', 'dob', 'DATE', NULL, FALSE, FALSE, 'DOB of Patient'),
    ('Patient', 'gender', 'STRING', NULL, FALSE, FALSE, 'GENDER of Patient'),
    ('Patient', 'city', 'STRING', 'city', FALSE, FALSE, 'CITY of Patient'),
    ('Patient', 'state', 'STRING', 'state', FALSE, FALSE, 'STATE of Patient'),
    ('Patient', 'zip', 'STRING', 'zip', FALSE, FALSE, 'ZIP of Patient'),
    ('Patient', 'phone', 'STRING', NULL, FALSE, FALSE, 'PHONE of Patient'),
    ('Patient', 'source_systems', 'STRING', 'source_systems', FALSE, FALSE, 'SOURCE_SYSTEMS of Patient'),
    ('Practitioner', 'npi', 'STRING', 'npi', FALSE, FALSE, 'NPI of Practitioner'),
    ('Practitioner', 'full_name', 'STRING', 'full_name', FALSE, FALSE, 'FULL_NAME of Practitioner'),
    ('Practitioner', 'name_emr', 'STRING', NULL, FALSE, FALSE, 'NAME_EMR of Practitioner'),
    ('Practitioner', 'name_claims', 'STRING', NULL, FALSE, FALSE, 'NAME_CLAIMS of Practitioner'),
    ('Practitioner', 'name_pharmacy', 'STRING', NULL, FALSE, FALSE, 'NAME_PHARMACY of Practitioner'),
    ('Practitioner', 'specialty', 'STRING', NULL, FALSE, FALSE, 'SPECIALTY of Practitioner'),
    ('Practitioner', 'specialty_raw_claims', 'STRING', NULL, FALSE, FALSE, 'SPECIALTY_RAW_CLAIMS of Practitioner'),
    ('Practitioner', 'local_physician_id', 'NUMBER', NULL, FALSE, FALSE, 'LOCAL_PHYSICIAN_ID of Practitioner'),
    ('Practitioner', 'dept_id', 'NUMBER', 'dept_id', FALSE, FALSE, 'DEPT_ID of Practitioner'),
    ('Practitioner', 'dea_number', 'STRING', NULL, FALSE, FALSE, 'DEA_NUMBER of Practitioner'),
    ('Practitioner', 'source_systems', 'STRING', 'source_systems', FALSE, FALSE, 'SOURCE_SYSTEMS of Practitioner'),
    ('RelatedPerson', 'kin_name', 'STRING', NULL, FALSE, FALSE, 'KIN_NAME of RelatedPerson'),
    ('RelatedPerson', 'kin_relation', 'STRING', NULL, FALSE, FALSE, 'KIN_RELATION of RelatedPerson'),
    ('RelatedPerson', 'kin_phone', 'STRING', NULL, FALSE, FALSE, 'KIN_PHONE of RelatedPerson'),
    ('RelatedPerson', 'patient_key', 'STRING', 'patient_key', FALSE, FALSE, 'PATIENT_KEY of RelatedPerson'),
    ('RelatedPerson', 'resolved_patient_key', 'STRING', NULL, FALSE, FALSE, 'RESOLVED_PATIENT_KEY of RelatedPerson'),
    ('Payer', 'payer_name', 'STRING', 'payer_name', FALSE, FALSE, 'PAYER_NAME of Payer'),
    ('Payer', 'source_systems', 'STRING', 'source_systems', FALSE, FALSE, 'SOURCE_SYSTEMS of Payer'),
    ('Facility', 'facility_key', 'STRING', 'facility_key', FALSE, FALSE, 'FACILITY_KEY of Facility'),
    ('Facility', 'facility_name', 'STRING', 'facility_name', FALSE, FALSE, 'FACILITY_NAME of Facility'),
    ('Encounter', 'visit_id', 'STRING', 'visit_id', FALSE, FALSE, 'VISIT_ID of Encounter'),
    ('Encounter', 'visit_date', 'DATE', NULL, FALSE, FALSE, 'VISIT_DATE of Encounter'),
    ('Encounter', 'visit_type', 'STRING', NULL, FALSE, FALSE, 'VISIT_TYPE of Encounter'),
    ('Encounter', 'status', 'STRING', NULL, FALSE, FALSE, 'STATUS of Encounter'),
    ('Encounter', 'patient_key', 'STRING', 'patient_key', FALSE, FALSE, 'PATIENT_KEY of Encounter'),
    ('Encounter', 'npi', 'STRING', 'npi', FALSE, FALSE, 'NPI of Encounter'),
    ('Encounter', 'dept_id', 'NUMBER', 'dept_id', FALSE, FALSE, 'DEPT_ID of Encounter'),
    ('Encounter', 'primary_icd10', 'STRING', NULL, FALSE, FALSE, 'PRIMARY_ICD10 of Encounter'),
    ('Claim', 'claim_id', 'STRING', 'claim_id', FALSE, FALSE, 'CLAIM_ID of Claim'),
    ('Claim', 'member_id', 'STRING', 'member_id', FALSE, FALSE, 'MEMBER_ID of Claim'),
    ('Claim', 'subscriber_id', 'STRING', 'subscriber_id', FALSE, FALSE, 'SUBSCRIBER_ID of Claim'),
    ('Claim', 'patient_key', 'STRING', 'patient_key', FALSE, FALSE, 'PATIENT_KEY of Claim'),
    ('Claim', 'plan_name', 'STRING', 'plan_name', FALSE, FALSE, 'PLAN_NAME of Claim'),
    ('Claim', 'rendering_npi', 'STRING', NULL, FALSE, FALSE, 'RENDERING_NPI of Claim'),
    ('Claim', 'service_date', 'DATE', NULL, FALSE, FALSE, 'SERVICE_DATE of Claim'),
    ('Claim', 'pos_code', 'STRING', 'pos_code', FALSE, FALSE, 'POS_CODE of Claim'),
    ('Claim', 'claim_status', 'STRING', NULL, FALSE, FALSE, 'CLAIM_STATUS of Claim'),
    ('Claim', 'total_charge', 'NUMBER', NULL, FALSE, FALSE, 'TOTAL_CHARGE of Claim'),
    ('Claim', 'total_paid', 'NUMBER', NULL, FALSE, FALSE, 'TOTAL_PAID of Claim'),
    ('ClaimLine', 'claim_id', 'STRING', 'claim_id', FALSE, FALSE, 'CLAIM_ID of ClaimLine'),
    ('ClaimLine', 'line_no', 'NUMBER', NULL, FALSE, FALSE, 'LINE_NO of ClaimLine'),
    ('ClaimLine', 'cpt_code', 'STRING', 'cpt_code', FALSE, FALSE, 'CPT_CODE of ClaimLine'),
    ('ClaimLine', 'cpt_desc', 'STRING', 'cpt_desc', FALSE, FALSE, 'CPT_DESC of ClaimLine'),
    ('ClaimLine', 'dx_code', 'STRING', NULL, FALSE, FALSE, 'DX_CODE of ClaimLine'),
    ('ClaimLine', 'dx_canonical', 'STRING', NULL, FALSE, FALSE, 'DX_CANONICAL of ClaimLine'),
    ('ClaimLine', 'charge_amt', 'NUMBER', NULL, FALSE, FALSE, 'CHARGE_AMT of ClaimLine'),
    ('ClaimLine', 'allowed_amt', 'NUMBER', NULL, FALSE, FALSE, 'ALLOWED_AMT of ClaimLine'),
    ('ClaimLine', 'paid_amt', 'NUMBER', NULL, FALSE, FALSE, 'PAID_AMT of ClaimLine'),
    ('MedicationRequest', 'med_order_id', 'NUMBER', NULL, FALSE, FALSE, 'MED_ORDER_ID of MedicationRequest'),
    ('MedicationRequest', 'patient_key', 'STRING', 'patient_key', FALSE, FALSE, 'PATIENT_KEY of MedicationRequest'),
    ('MedicationRequest', 'physician_npi', 'STRING', NULL, FALSE, FALSE, 'PHYSICIAN_NPI of MedicationRequest'),
    ('MedicationRequest', 'order_date', 'DATE', NULL, FALSE, FALSE, 'ORDER_DATE of MedicationRequest'),
    ('MedicationRequest', 'drug_name', 'STRING', NULL, FALSE, FALSE, 'DRUG_NAME of MedicationRequest'),
    ('MedicationRequest', 'rxnorm_code', 'STRING', 'rxnorm_code', FALSE, FALSE, 'RXNORM_CODE of MedicationRequest'),
    ('MedicationRequest', 'rxnorm_resolved', 'STRING', NULL, FALSE, FALSE, 'RXNORM_RESOLVED of MedicationRequest'),
    ('MedicationRequest', 'rxnorm_was_null', 'BOOLEAN', NULL, FALSE, FALSE, 'RXNORM_WAS_NULL of MedicationRequest'),
    ('MedicationRequest', 'sig', 'STRING', NULL, FALSE, FALSE, 'SIG of MedicationRequest'),
    ('MedicationRequest', 'quantity', 'NUMBER', 'quantity', FALSE, FALSE, 'QUANTITY of MedicationRequest'),
    ('MedicationRequest', 'refills', 'NUMBER', NULL, FALSE, FALSE, 'REFILLS of MedicationRequest'),
    ('MedicationDispense', 'fill_id', 'STRING', NULL, FALSE, FALSE, 'FILL_ID of MedicationDispense'),
    ('MedicationDispense', 'rx_member_id', 'STRING', 'rx_member_id', FALSE, FALSE, 'RX_MEMBER_ID of MedicationDispense'),
    ('MedicationDispense', 'patient_key', 'STRING', 'patient_key', FALSE, FALSE, 'PATIENT_KEY of MedicationDispense'),
    ('MedicationDispense', 'prescriber_npi', 'STRING', NULL, FALSE, FALSE, 'PRESCRIBER_NPI of MedicationDispense'),
    ('MedicationDispense', 'ndc', 'STRING', NULL, FALSE, FALSE, 'NDC of MedicationDispense'),
    ('MedicationDispense', 'rxnorm_code', 'STRING', 'rxnorm_code', FALSE, FALSE, 'RXNORM_CODE of MedicationDispense'),
    ('MedicationDispense', 'drug_desc', 'STRING', NULL, FALSE, FALSE, 'DRUG_DESC of MedicationDispense'),
    ('MedicationDispense', 'written_date', 'DATE', NULL, FALSE, FALSE, 'WRITTEN_DATE of MedicationDispense'),
    ('MedicationDispense', 'fill_date', 'DATE', NULL, FALSE, FALSE, 'FILL_DATE of MedicationDispense'),
    ('MedicationDispense', 'days_supply', 'NUMBER', NULL, FALSE, FALSE, 'DAYS_SUPPLY of MedicationDispense'),
    ('MedicationDispense', 'quantity', 'NUMBER', 'quantity', FALSE, FALSE, 'QUANTITY of MedicationDispense'),
    ('MedicationDispense', 'fill_status', 'STRING', NULL, FALSE, FALSE, 'FILL_STATUS of MedicationDispense'),
    ('Observation', 'obs_kind', 'STRING', NULL, FALSE, FALSE, 'OBS_KIND of Observation'),
    ('Observation', 'obs_code', 'STRING', NULL, FALSE, FALSE, 'OBS_CODE of Observation'),
    ('Observation', 'obs_name', 'STRING', NULL, FALSE, FALSE, 'OBS_NAME of Observation'),
    ('Observation', 'value_num', 'NUMBER', NULL, FALSE, FALSE, 'VALUE_NUM of Observation'),
    ('Observation', 'unit', 'STRING', NULL, FALSE, FALSE, 'UNIT of Observation'),
    ('Observation', 'obs_date', 'DATE', NULL, FALSE, FALSE, 'OBS_DATE of Observation'),
    ('Observation', 'patient_key', 'STRING', 'patient_key', FALSE, FALSE, 'PATIENT_KEY of Observation'),
    ('Observation', 'visit_id', 'STRING', 'visit_id', FALSE, FALSE, 'VISIT_ID of Observation'),
    ('Condition', 'icd10_dotted', 'STRING', NULL, FALSE, FALSE, 'ICD10_DOTTED of Condition'),
    ('Condition', 'icd10_nodot', 'STRING', NULL, FALSE, FALSE, 'ICD10_NODOT of Condition'),
    ('Condition', 'icd10_desc', 'STRING', NULL, FALSE, FALSE, 'ICD10_DESC of Condition'),
    ('Condition', 'snomed_code', 'STRING', NULL, FALSE, FALSE, 'SNOMED_CODE of Condition'),
    ('Condition', 'source_systems', 'STRING', 'source_systems', FALSE, FALSE, 'SOURCE_SYSTEMS of Condition'),
    ('Procedure', 'cpt_code', 'STRING', 'cpt_code', FALSE, FALSE, 'CPT_CODE of Procedure'),
    ('Procedure', 'cpt_desc', 'STRING', 'cpt_desc', FALSE, FALSE, 'CPT_DESC of Procedure'),
    ('Medication', 'rxnorm_code', 'STRING', 'rxnorm_code', FALSE, FALSE, 'RXNORM_CODE of Medication'),
    ('Medication', 'generic_name', 'STRING', NULL, FALSE, FALSE, 'GENERIC_NAME of Medication'),
    ('Medication', 'brand_name', 'STRING', NULL, FALSE, FALSE, 'BRAND_NAME of Medication'),
    ('Medication', 'strength', 'STRING', NULL, FALSE, FALSE, 'STRENGTH of Medication'),
    ('Medication', 'dosage_form', 'STRING', NULL, FALSE, FALSE, 'DOSAGE_FORM of Medication'),
    ('Medication', 'ndc_example', 'STRING', NULL, FALSE, FALSE, 'NDC_EXAMPLE of Medication'),
    ('ServiceSetting', 'pos_code', 'STRING', 'pos_code', FALSE, FALSE, 'POS_CODE of ServiceSetting'),
    ('ServiceSetting', 'pos_description', 'STRING', NULL, FALSE, FALSE, 'POS_DESCRIPTION of ServiceSetting'),
    ('Location', 'dept_id', 'NUMBER', 'dept_id', FALSE, FALSE, 'DEPT_ID of Location'),
    ('Location', 'dept_name', 'STRING', NULL, FALSE, FALSE, 'DEPT_NAME of Location'),
    ('Location', 'facility_name', 'STRING', 'facility_name', FALSE, FALSE, 'FACILITY_NAME of Location'),
    ('Location', 'facility_key', 'STRING', 'facility_key', FALSE, FALSE, 'FACILITY_KEY of Location'),
    ('Location', 'address', 'STRING', NULL, FALSE, FALSE, 'ADDRESS of Location'),
    ('Location', 'city', 'STRING', 'city', FALSE, FALSE, 'CITY of Location'),
    ('Location', 'state', 'STRING', 'state', FALSE, FALSE, 'STATE of Location'),
    ('Location', 'zip', 'STRING', 'zip', FALSE, FALSE, 'ZIP of Location'),
    ('Coverage', 'coverage_id', 'STRING', NULL, FALSE, FALSE, 'COVERAGE_ID of Coverage'),
    ('Coverage', 'coverage_source', 'STRING', NULL, FALSE, FALSE, 'COVERAGE_SOURCE of Coverage'),
    ('Coverage', 'patient_key', 'STRING', 'patient_key', FALSE, FALSE, 'PATIENT_KEY of Coverage'),
    ('Coverage', 'payer_name', 'STRING', 'payer_name', FALSE, FALSE, 'PAYER_NAME of Coverage'),
    ('Coverage', 'plan_name', 'STRING', 'plan_name', FALSE, FALSE, 'PLAN_NAME of Coverage'),
    ('Coverage', 'group_no', 'STRING', NULL, FALSE, FALSE, 'GROUP_NO of Coverage'),
    ('Coverage', 'member_id', 'STRING', 'member_id', FALSE, FALSE, 'MEMBER_ID of Coverage'),
    ('Coverage', 'subscriber_id', 'STRING', 'subscriber_id', FALSE, FALSE, 'SUBSCRIBER_ID of Coverage'),
    ('Coverage', 'relationship', 'STRING', NULL, FALSE, FALSE, 'RELATIONSHIP of Coverage'),
    ('Coverage', 'effective_date', 'DATE', NULL, FALSE, FALSE, 'EFFECTIVE_DATE of Coverage'),
    ('Coverage', 'term_date', 'DATE', NULL, FALSE, FALSE, 'TERM_DATE of Coverage');

-- Derived Properties
CREATE TABLE IF NOT EXISTS ONT_DERIVED_PROPERTY (
    CLASS_NAME          STRING,
    PROP_NAME           STRING,
    DEFINITION_KIND     STRING,
    SQL_EXPR            STRING,
    FUNCTION_NAME       STRING,
    DESCRIPTION         STRING,
    PRIMARY KEY (CLASS_NAME, PROP_NAME)
);

-- Interfaces (Polymorphism)
CREATE TABLE IF NOT EXISTS ONT_INTERFACE (
    INTERFACE_NAME      STRING PRIMARY KEY,
    DESCRIPTION         STRING
);

CREATE TABLE IF NOT EXISTS ONT_INTERFACE_PROPERTY (
    INTERFACE_NAME      STRING,
    PROP_NAME           STRING,
    SHARED_PROP_NAME    STRING,
    PRIMARY KEY (INTERFACE_NAME, PROP_NAME)
);

CREATE TABLE IF NOT EXISTS ONT_INTERFACE_IMPL (
    INTERFACE_NAME      STRING,
    CLASS_NAME          STRING,
    PRIMARY KEY (INTERFACE_NAME, CLASS_NAME)
);

INSERT INTO ONT_INTERFACE (INTERFACE_NAME, DESCRIPTION) VALUES
    ('HasMemberId', 'Entities with member_id property'),
    ('HasRxMemberId', 'Entities with rx_member_id property'),
    ('HasFullName', 'Entities with full_name property'),
    ('HasCity', 'Entities with city property'),
    ('HasState', 'Entities with state property'),
    ('HasZip', 'Entities with zip property'),
    ('HasSourceSystems', 'Entities with source_systems property'),
    ('HasNpi', 'Entities with npi property'),
    ('HasDeptId', 'Entities with dept_id property'),
    ('HasPatientKey', 'Entities with patient_key property'),
    ('HasPayerName', 'Entities with payer_name property'),
    ('HasFacilityKey', 'Entities with facility_key property'),
    ('HasFacilityName', 'Entities with facility_name property'),
    ('HasVisitId', 'Entities with visit_id property'),
    ('HasClaimId', 'Entities with claim_id property'),
    ('HasSubscriberId', 'Entities with subscriber_id property'),
    ('HasPlanName', 'Entities with plan_name property'),
    ('HasPosCode', 'Entities with pos_code property'),
    ('HasCptCode', 'Entities with cpt_code property'),
    ('HasCptDesc', 'Entities with cpt_desc property'),
    ('HasRxnormCode', 'Entities with rxnorm_code property'),
    ('HasQuantity', 'Entities with quantity property');

INSERT INTO ONT_INTERFACE_PROPERTY (INTERFACE_NAME, PROP_NAME, SHARED_PROP_NAME) VALUES
    ('HasMemberId', 'member_id', 'member_id'),
    ('HasRxMemberId', 'rx_member_id', 'rx_member_id'),
    ('HasFullName', 'full_name', 'full_name'),
    ('HasCity', 'city', 'city'),
    ('HasState', 'state', 'state'),
    ('HasZip', 'zip', 'zip'),
    ('HasSourceSystems', 'source_systems', 'source_systems'),
    ('HasNpi', 'npi', 'npi'),
    ('HasDeptId', 'dept_id', 'dept_id'),
    ('HasPatientKey', 'patient_key', 'patient_key'),
    ('HasPayerName', 'payer_name', 'payer_name'),
    ('HasFacilityKey', 'facility_key', 'facility_key'),
    ('HasFacilityName', 'facility_name', 'facility_name'),
    ('HasVisitId', 'visit_id', 'visit_id'),
    ('HasClaimId', 'claim_id', 'claim_id'),
    ('HasSubscriberId', 'subscriber_id', 'subscriber_id'),
    ('HasPlanName', 'plan_name', 'plan_name'),
    ('HasPosCode', 'pos_code', 'pos_code'),
    ('HasCptCode', 'cpt_code', 'cpt_code'),
    ('HasCptDesc', 'cpt_desc', 'cpt_desc'),
    ('HasRxnormCode', 'rxnorm_code', 'rxnorm_code'),
    ('HasQuantity', 'quantity', 'quantity');

INSERT INTO ONT_INTERFACE_IMPL (INTERFACE_NAME, CLASS_NAME) VALUES
    ('HasMemberId', 'Patient'),
    ('HasMemberId', 'Claim'),
    ('HasMemberId', 'Coverage'),
    ('HasRxMemberId', 'Patient'),
    ('HasRxMemberId', 'MedicationDispense'),
    ('HasFullName', 'Patient'),
    ('HasFullName', 'Practitioner'),
    ('HasCity', 'Patient'),
    ('HasCity', 'Location'),
    ('HasState', 'Patient'),
    ('HasState', 'Location'),
    ('HasZip', 'Patient'),
    ('HasZip', 'Location'),
    ('HasSourceSystems', 'Patient'),
    ('HasSourceSystems', 'Practitioner'),
    ('HasSourceSystems', 'Payer'),
    ('HasSourceSystems', 'Condition'),
    ('HasNpi', 'Practitioner'),
    ('HasNpi', 'Encounter'),
    ('HasDeptId', 'Practitioner'),
    ('HasDeptId', 'Encounter'),
    ('HasDeptId', 'Location'),
    ('HasPatientKey', 'RelatedPerson'),
    ('HasPatientKey', 'Encounter'),
    ('HasPatientKey', 'Claim'),
    ('HasPatientKey', 'MedicationRequest'),
    ('HasPatientKey', 'MedicationDispense'),
    ('HasPatientKey', 'Observation'),
    ('HasPatientKey', 'Coverage'),
    ('HasPayerName', 'Payer'),
    ('HasPayerName', 'Coverage'),
    ('HasFacilityKey', 'Facility'),
    ('HasFacilityKey', 'Location'),
    ('HasFacilityName', 'Facility'),
    ('HasFacilityName', 'Location'),
    ('HasVisitId', 'Encounter'),
    ('HasVisitId', 'Observation'),
    ('HasClaimId', 'Claim'),
    ('HasClaimId', 'ClaimLine'),
    ('HasSubscriberId', 'Claim'),
    ('HasSubscriberId', 'Coverage'),
    ('HasPlanName', 'Claim'),
    ('HasPlanName', 'Coverage'),
    ('HasPosCode', 'Claim'),
    ('HasPosCode', 'ServiceSetting'),
    ('HasCptCode', 'ClaimLine'),
    ('HasCptCode', 'Procedure'),
    ('HasCptDesc', 'ClaimLine'),
    ('HasCptDesc', 'Procedure'),
    ('HasRxnormCode', 'MedicationRequest'),
    ('HasRxnormCode', 'MedicationDispense'),
    ('HasRxnormCode', 'Medication'),
    ('HasQuantity', 'MedicationRequest'),
    ('HasQuantity', 'MedicationDispense');

-- Inference Rules
CREATE TABLE IF NOT EXISTS ONT_RULE (
    RULE_ID             STRING PRIMARY KEY,
    RULE_KIND           STRING,
    TARGET_REL          STRING,
    SOURCE_REL_1        STRING,
    SOURCE_REL_2        STRING,
    INVERSE_OF          STRING,
    DESCRIPTION         STRING,
    IS_ENABLED          BOOLEAN DEFAULT TRUE,
    TS_CREATED          TIMESTAMP_NTZ DEFAULT CURRENT_TIMESTAMP()
);

INSERT INTO ONT_RULE (RULE_ID, RULE_KIND, TARGET_REL, SOURCE_REL_1, SOURCE_REL_2, INVERSE_OF, IS_ENABLED, DESCRIPTION) VALUES
    ('RULE_INV_001', 'INVERSE', 'patient_involved_in_act', NULL, NULL, 'act_involves_patient', TRUE, 'Infer patient_involved_in_act from act_involves_patient'),
    ('RULE_INV_002', 'INVERSE', 'practitioner_involved_in_act', NULL, NULL, 'act_involves_practitioner', TRUE, 'Infer practitioner_involved_in_act from act_involves_practitioner'),
    ('RULE_INV_003', 'INVERSE', 'pcp_of_patient', NULL, NULL, 'patient_has_pcp', TRUE, 'Infer pcp_of_patient from patient_has_pcp'),
    ('RULE_INV_004', 'INVERSE', 'coverage_of_patient', NULL, NULL, 'patient_has_coverage', TRUE, 'Infer coverage_of_patient from patient_has_coverage'),
    ('RULE_INV_005', 'INVERSE', 'payer_of_coverage', NULL, NULL, 'coverage_with_payer', TRUE, 'Infer payer_of_coverage from coverage_with_payer'),
    ('RULE_INV_006', 'INVERSE', 'subscriber_of_coverage', NULL, NULL, 'coverage_subscriber_is', TRUE, 'Infer subscriber_of_coverage from coverage_subscriber_is'),
    ('RULE_INV_007', 'INVERSE', 'related_person_of_patient', NULL, NULL, 'patient_has_related_person', TRUE, 'Infer related_person_of_patient from patient_has_related_person'),
    ('RULE_INV_008', 'INVERSE', 'patient_is_related_person', NULL, NULL, 'related_person_resolves_to_patient', TRUE, 'Infer patient_is_related_person from related_person_resolves_to_patient'),
    ('RULE_INV_009', 'INVERSE', 'condition_of_patient', NULL, NULL, 'patient_has_condition', TRUE, 'Infer condition_of_patient from patient_has_condition'),
    ('RULE_INV_010', 'INVERSE', 'location_employs_practitioner', NULL, NULL, 'practitioner_works_at', TRUE, 'Infer location_employs_practitioner from practitioner_works_at'),
    ('RULE_INV_011', 'INVERSE', 'facility_contains_location', NULL, NULL, 'location_within_facility', TRUE, 'Infer facility_contains_location from location_within_facility'),
    ('RULE_INV_012', 'INVERSE', 'patient_had_encounter', NULL, NULL, 'encounter_of_patient', TRUE, 'Infer patient_had_encounter from encounter_of_patient'),
    ('RULE_INV_013', 'INVERSE', 'practitioner_performed_encounter', NULL, NULL, 'encounter_performed_by', TRUE, 'Infer practitioner_performed_encounter from encounter_performed_by'),
    ('RULE_INV_014', 'INVERSE', 'location_hosted_encounter', NULL, NULL, 'encounter_at_location', TRUE, 'Infer location_hosted_encounter from encounter_at_location'),
    ('RULE_INV_015', 'INVERSE', 'condition_addressed_in_encounter', NULL, NULL, 'encounter_diagnoses_condition', TRUE, 'Infer condition_addressed_in_encounter from encounter_diagnoses_condition'),
    ('RULE_INV_016', 'INVERSE', 'observation_in_encounter', NULL, NULL, 'encounter_has_observation', TRUE, 'Infer observation_in_encounter from encounter_has_observation'),
    ('RULE_INV_017', 'INVERSE', 'patient_has_observation', NULL, NULL, 'observation_of_patient', TRUE, 'Infer patient_has_observation from observation_of_patient'),
    ('RULE_INV_018', 'INVERSE', 'patient_has_claim', NULL, NULL, 'claim_for_patient', TRUE, 'Infer patient_has_claim from claim_for_patient'),
    ('RULE_INV_019', 'INVERSE', 'practitioner_rendered_claim', NULL, NULL, 'claim_rendered_by', TRUE, 'Infer practitioner_rendered_claim from claim_rendered_by'),
    ('RULE_INV_020', 'INVERSE', 'coverage_paid_claim', NULL, NULL, 'claim_under_coverage', TRUE, 'Infer coverage_paid_claim from claim_under_coverage'),
    ('RULE_INV_021', 'INVERSE', 'setting_of_claim', NULL, NULL, 'claim_at_setting', TRUE, 'Infer setting_of_claim from claim_at_setting'),
    ('RULE_INV_022', 'INVERSE', 'encounter_generated_claim', NULL, NULL, 'claim_for_encounter', TRUE, 'Infer encounter_generated_claim from claim_for_encounter'),
    ('RULE_INV_023', 'INVERSE', 'line_of_claim', NULL, NULL, 'claim_has_line', TRUE, 'Infer line_of_claim from claim_has_line'),
    ('RULE_INV_024', 'INVERSE', 'procedure_on_claimline', NULL, NULL, 'claimline_involves_procedure', TRUE, 'Infer procedure_on_claimline from claimline_involves_procedure'),
    ('RULE_INV_025', 'INVERSE', 'condition_on_claimline', NULL, NULL, 'claimline_diagnoses_condition', TRUE, 'Infer condition_on_claimline from claimline_diagnoses_condition'),
    ('RULE_INV_026', 'INVERSE', 'patient_has_medrequest', NULL, NULL, 'medrequest_of_patient', TRUE, 'Infer patient_has_medrequest from medrequest_of_patient'),
    ('RULE_INV_027', 'INVERSE', 'practitioner_ordered_medrequest', NULL, NULL, 'medrequest_ordered_by', TRUE, 'Infer practitioner_ordered_medrequest from medrequest_ordered_by'),
    ('RULE_INV_028', 'INVERSE', 'medication_ordered_in_request', NULL, NULL, 'medrequest_for_medication', TRUE, 'Infer medication_ordered_in_request from medrequest_for_medication'),
    ('RULE_INV_029', 'INVERSE', 'encounter_has_medrequest', NULL, NULL, 'medrequest_during_encounter', TRUE, 'Infer encounter_has_medrequest from medrequest_during_encounter'),
    ('RULE_INV_030', 'INVERSE', 'patient_has_dispense', NULL, NULL, 'dispense_of_patient', TRUE, 'Infer patient_has_dispense from dispense_of_patient'),
    ('RULE_INV_031', 'INVERSE', 'practitioner_prescribed_dispense', NULL, NULL, 'dispense_prescribed_by', TRUE, 'Infer practitioner_prescribed_dispense from dispense_prescribed_by'),
    ('RULE_INV_032', 'INVERSE', 'medication_dispensed_in', NULL, NULL, 'dispense_of_medication', TRUE, 'Infer medication_dispensed_in from dispense_of_medication'),
    ('RULE_INV_033', 'INVERSE', 'request_fulfilled_by_dispense', NULL, NULL, 'dispense_fulfills_request', TRUE, 'Infer request_fulfilled_by_dispense from dispense_fulfills_request');

-- Inferred Edges
CREATE TABLE IF NOT EXISTS REL_EDGE_INFERRED (
    REL_NAME            STRING NOT NULL,
    SRC_ID              STRING NOT NULL,
    DST_ID              STRING NOT NULL,
    INFERENCE_KIND      STRING,
    RULE_ID             STRING,
    WEIGHT              FLOAT DEFAULT 1.0,
    EFFECTIVE_START     DATE,
    EFFECTIVE_END       DATE,
    COMPUTED_AT         TIMESTAMP_NTZ DEFAULT CURRENT_TIMESTAMP(),
    PRIMARY KEY (REL_NAME, SRC_ID, DST_ID, RULE_ID)
);

-- Data Quality Constraints
CREATE TABLE IF NOT EXISTS ONT_CONSTRAINT_VIOLATION (
    VIOLATION_ID        STRING DEFAULT UUID_STRING(),
    CHECK_NAME          STRING,
    SCOPE               STRING,
    REL_OR_CLASS        STRING,
    SRC_ID              STRING,
    DST_ID              STRING,
    DETAILS             STRING,
    OBSERVED_AT         TIMESTAMP_NTZ DEFAULT CURRENT_TIMESTAMP(),
    PRIMARY KEY (VIOLATION_ID)
);

-- Action Types
CREATE TABLE IF NOT EXISTS ACT_TYPE (
    ACTION_TYPE_ID      STRING PRIMARY KEY,
    ACTION_NAME         STRING NOT NULL,
    DESCRIPTION         STRING,
    ONTOLOGY_NAME       STRING,
    TARGET_CLASS        STRING,
    HANDLER_PROC        STRING,
    IS_ENABLED          BOOLEAN DEFAULT TRUE,
    TS_CREATED          TIMESTAMP_NTZ DEFAULT CURRENT_TIMESTAMP()
);

-- Action Parameter Definitions
CREATE TABLE IF NOT EXISTS ACT_DEF (
    ACTION_TYPE_ID      STRING,
    PARAM_NAME          STRING,
    PARAM_TYPE          STRING,
    IS_REQUIRED         BOOLEAN DEFAULT FALSE,
    DESCRIPTION         STRING,
    PRIMARY KEY (ACTION_TYPE_ID, PARAM_NAME)
);

-- Action Invocation Log
CREATE TABLE IF NOT EXISTS ACT_INVOCATION (
    INVOCATION_ID       STRING PRIMARY KEY,
    ACTION_TYPE_ID      STRING NOT NULL,
    TARGET_OBJECT_ID    STRING,
    PARAMS              VARIANT,
    STATUS              STRING,
    RESULT_MSG          STRING,
    INVOKED_BY          STRING,
    INVOKED_AT          TIMESTAMP_NTZ DEFAULT CURRENT_TIMESTAMP(),
    COMPLETED_AT        TIMESTAMP_NTZ
);

-- Function Catalog
CREATE TABLE IF NOT EXISTS ONT_FUNCTION (
    FUNCTION_NAME       STRING,
    VERSION             STRING,
    LANGUAGE            STRING,
    SNOWFLAKE_REF       STRING,
    DESCRIPTION         STRING,
    INPUT_SCHEMA        VARIANT,
    OUTPUT_SCHEMA       VARIANT,
    ONTOLOGY_NAME       STRING,
    PRIMARY KEY (ONTOLOGY_NAME, FUNCTION_NAME, VERSION)
);

-- Function Bindings
CREATE TABLE IF NOT EXISTS ONT_FUNCTION_BINDING (
    ONTOLOGY_NAME       STRING,
    FUNCTION_NAME       STRING,
    VERSION             STRING,
    BOUND_TO_KIND       STRING,
    BOUND_TO_NAME       STRING
);

-- Object View Definitions (UI/Governance)
CREATE TABLE IF NOT EXISTS OBJ_VIEW_DEF (
    OBJ_TYPE            STRING,
    VIEW_NAME           STRING,
    CREATED_BY          STRING,
    DESCRIPTION         STRING,
    DISPLAY_COLS        VARIANT,
    VERSION             STRING DEFAULT '1.0',
    STATUS              STRING DEFAULT 'ACTIVE',
    TS_CREATED          TIMESTAMP_NTZ DEFAULT CURRENT_TIMESTAMP(),
    PRIMARY KEY (OBJ_TYPE, VIEW_NAME)
);

INSERT INTO OBJ_VIEW_DEF (OBJ_TYPE, VIEW_NAME, CREATED_BY, DESCRIPTION, DISPLAY_COLS)
SELECT 'Patient', 'V_PATIENT', 'SYSTEM', 'Standard Patient view', ARRAY_CONSTRUCT('MRN', 'MEMBER_ID', 'RX_MEMBER_ID', 'SSN', 'FULL_NAME');
INSERT INTO OBJ_VIEW_DEF (OBJ_TYPE, VIEW_NAME, CREATED_BY, DESCRIPTION, DISPLAY_COLS)
SELECT 'Practitioner', 'V_PRACTITIONER', 'SYSTEM', 'Standard Practitioner view', ARRAY_CONSTRUCT('NPI', 'FULL_NAME', 'NAME_EMR', 'NAME_CLAIMS', 'NAME_PHARMACY');
INSERT INTO OBJ_VIEW_DEF (OBJ_TYPE, VIEW_NAME, CREATED_BY, DESCRIPTION, DISPLAY_COLS)
SELECT 'RelatedPerson', 'V_RELATEDPERSON', 'SYSTEM', 'Standard RelatedPerson view', ARRAY_CONSTRUCT('KIN_NAME', 'KIN_RELATION', 'KIN_PHONE', 'PATIENT_KEY', 'RESOLVED_PATIENT_KEY');
INSERT INTO OBJ_VIEW_DEF (OBJ_TYPE, VIEW_NAME, CREATED_BY, DESCRIPTION, DISPLAY_COLS)
SELECT 'Payer', 'V_PAYER', 'SYSTEM', 'Standard Payer view', ARRAY_CONSTRUCT('PAYER_NAME', 'SOURCE_SYSTEMS');
INSERT INTO OBJ_VIEW_DEF (OBJ_TYPE, VIEW_NAME, CREATED_BY, DESCRIPTION, DISPLAY_COLS)
SELECT 'Facility', 'V_FACILITY', 'SYSTEM', 'Standard Facility view', ARRAY_CONSTRUCT('FACILITY_KEY', 'FACILITY_NAME');
INSERT INTO OBJ_VIEW_DEF (OBJ_TYPE, VIEW_NAME, CREATED_BY, DESCRIPTION, DISPLAY_COLS)
SELECT 'Encounter', 'V_ENCOUNTER', 'SYSTEM', 'Standard Encounter view', ARRAY_CONSTRUCT('VISIT_ID', 'VISIT_DATE', 'VISIT_TYPE', 'STATUS', 'PATIENT_KEY');
INSERT INTO OBJ_VIEW_DEF (OBJ_TYPE, VIEW_NAME, CREATED_BY, DESCRIPTION, DISPLAY_COLS)
SELECT 'Claim', 'V_CLAIM', 'SYSTEM', 'Standard Claim view', ARRAY_CONSTRUCT('CLAIM_ID', 'MEMBER_ID', 'SUBSCRIBER_ID', 'PATIENT_KEY', 'PLAN_NAME');
INSERT INTO OBJ_VIEW_DEF (OBJ_TYPE, VIEW_NAME, CREATED_BY, DESCRIPTION, DISPLAY_COLS)
SELECT 'ClaimLine', 'V_CLAIMLINE', 'SYSTEM', 'Standard ClaimLine view', ARRAY_CONSTRUCT('CLAIM_ID', 'LINE_NO', 'CPT_CODE', 'CPT_DESC', 'DX_CODE');
INSERT INTO OBJ_VIEW_DEF (OBJ_TYPE, VIEW_NAME, CREATED_BY, DESCRIPTION, DISPLAY_COLS)
SELECT 'MedicationRequest', 'V_MEDICATIONREQUEST', 'SYSTEM', 'Standard MedicationRequest view', ARRAY_CONSTRUCT('MED_ORDER_ID', 'PATIENT_KEY', 'PHYSICIAN_NPI', 'ORDER_DATE', 'DRUG_NAME');
INSERT INTO OBJ_VIEW_DEF (OBJ_TYPE, VIEW_NAME, CREATED_BY, DESCRIPTION, DISPLAY_COLS)
SELECT 'MedicationDispense', 'V_MEDICATIONDISPENSE', 'SYSTEM', 'Standard MedicationDispense view', ARRAY_CONSTRUCT('FILL_ID', 'RX_MEMBER_ID', 'PATIENT_KEY', 'PRESCRIBER_NPI', 'NDC');
INSERT INTO OBJ_VIEW_DEF (OBJ_TYPE, VIEW_NAME, CREATED_BY, DESCRIPTION, DISPLAY_COLS)
SELECT 'Observation', 'V_OBSERVATION', 'SYSTEM', 'Standard Observation view', ARRAY_CONSTRUCT('OBS_KIND', 'OBS_CODE', 'OBS_NAME', 'VALUE_NUM', 'UNIT');
INSERT INTO OBJ_VIEW_DEF (OBJ_TYPE, VIEW_NAME, CREATED_BY, DESCRIPTION, DISPLAY_COLS)
SELECT 'Condition', 'V_CONDITION', 'SYSTEM', 'Standard Condition view', ARRAY_CONSTRUCT('ICD10_DOTTED', 'ICD10_NODOT', 'ICD10_DESC', 'SNOMED_CODE', 'SOURCE_SYSTEMS');
INSERT INTO OBJ_VIEW_DEF (OBJ_TYPE, VIEW_NAME, CREATED_BY, DESCRIPTION, DISPLAY_COLS)
SELECT 'Procedure', 'V_PROCEDURE', 'SYSTEM', 'Standard Procedure view', ARRAY_CONSTRUCT('CPT_CODE', 'CPT_DESC');
INSERT INTO OBJ_VIEW_DEF (OBJ_TYPE, VIEW_NAME, CREATED_BY, DESCRIPTION, DISPLAY_COLS)
SELECT 'Medication', 'V_MEDICATION', 'SYSTEM', 'Standard Medication view', ARRAY_CONSTRUCT('RXNORM_CODE', 'GENERIC_NAME', 'BRAND_NAME', 'STRENGTH', 'DOSAGE_FORM');
INSERT INTO OBJ_VIEW_DEF (OBJ_TYPE, VIEW_NAME, CREATED_BY, DESCRIPTION, DISPLAY_COLS)
SELECT 'ServiceSetting', 'V_SERVICESETTING', 'SYSTEM', 'Standard ServiceSetting view', ARRAY_CONSTRUCT('POS_CODE', 'POS_DESCRIPTION');
INSERT INTO OBJ_VIEW_DEF (OBJ_TYPE, VIEW_NAME, CREATED_BY, DESCRIPTION, DISPLAY_COLS)
SELECT 'Location', 'V_LOCATION', 'SYSTEM', 'Standard Location view', ARRAY_CONSTRUCT('DEPT_ID', 'DEPT_NAME', 'FACILITY_NAME', 'FACILITY_KEY', 'ADDRESS');
INSERT INTO OBJ_VIEW_DEF (OBJ_TYPE, VIEW_NAME, CREATED_BY, DESCRIPTION, DISPLAY_COLS)
SELECT 'Coverage', 'V_COVERAGE', 'SYSTEM', 'Standard Coverage view', ARRAY_CONSTRUCT('COVERAGE_ID', 'COVERAGE_SOURCE', 'PATIENT_KEY', 'PAYER_NAME', 'PLAN_NAME');

-- Object View Fields
CREATE TABLE IF NOT EXISTS OBJ_VIEW_FIELD (
    OBJ_TYPE            STRING,
    VIEW_NAME           STRING,
    VERSION             STRING DEFAULT '1.0',
    FIELD_ORDER         NUMBER,
    PROP_NAME           STRING,
    RENDER_HINT         STRING,
    PRIMARY KEY (OBJ_TYPE, VIEW_NAME, VERSION, PROP_NAME)
);

-- Roles and Permissions
CREATE TABLE IF NOT EXISTS ONT_ROLE (
    ONTOLOGY_NAME       STRING,
    ONT_ROLE_NAME       STRING,
    DESCRIPTION         STRING,
    PRIMARY KEY (ONTOLOGY_NAME, ONT_ROLE_NAME)
);

INSERT INTO ONT_ROLE (ONTOLOGY_NAME, ONT_ROLE_NAME, DESCRIPTION) VALUES
    ('HEALTHCARE_ONTOLOGY', 'viewer', 'Read-only access to all entities'),
    ('HEALTHCARE_ONTOLOGY', 'analyst', 'Read access plus analytics functions'),
    ('HEALTHCARE_ONTOLOGY', 'editor', 'Read and write access to entities'),
    ('HEALTHCARE_ONTOLOGY', 'admin', 'Full administrative access');

CREATE TABLE IF NOT EXISTS ONT_ROLE_BINDING (
    ONTOLOGY_NAME       STRING,
    ONT_ROLE_NAME       STRING,
    SNOWFLAKE_ROLE      STRING,
    PRIMARY KEY (ONTOLOGY_NAME, ONT_ROLE_NAME, SNOWFLAKE_ROLE)
);

CREATE TABLE IF NOT EXISTS ONT_PERMISSION (
    ONTOLOGY_NAME       STRING,
    SUBJECT_KIND        STRING,
    SUBJECT_NAME        STRING,
    ONT_ROLE_NAME       STRING,
    PRIVILEGE           STRING,
    PRIMARY KEY (ONTOLOGY_NAME, SUBJECT_KIND, SUBJECT_NAME, ONT_ROLE_NAME, PRIVILEGE)
);

INSERT INTO ONT_PERMISSION (ONTOLOGY_NAME, SUBJECT_KIND, SUBJECT_NAME, ONT_ROLE_NAME, PRIVILEGE) VALUES
    ('HEALTHCARE_ONTOLOGY', 'OBJECT_TYPE', 'Patient', 'viewer', 'READ'),
    ('HEALTHCARE_ONTOLOGY', 'OBJECT_TYPE', 'Patient', 'admin', 'ADMIN'),
    ('HEALTHCARE_ONTOLOGY', 'OBJECT_TYPE', 'Practitioner', 'viewer', 'READ'),
    ('HEALTHCARE_ONTOLOGY', 'OBJECT_TYPE', 'Practitioner', 'admin', 'ADMIN'),
    ('HEALTHCARE_ONTOLOGY', 'OBJECT_TYPE', 'RelatedPerson', 'viewer', 'READ'),
    ('HEALTHCARE_ONTOLOGY', 'OBJECT_TYPE', 'RelatedPerson', 'admin', 'ADMIN'),
    ('HEALTHCARE_ONTOLOGY', 'OBJECT_TYPE', 'Payer', 'viewer', 'READ'),
    ('HEALTHCARE_ONTOLOGY', 'OBJECT_TYPE', 'Payer', 'admin', 'ADMIN'),
    ('HEALTHCARE_ONTOLOGY', 'OBJECT_TYPE', 'Facility', 'viewer', 'READ'),
    ('HEALTHCARE_ONTOLOGY', 'OBJECT_TYPE', 'Facility', 'admin', 'ADMIN'),
    ('HEALTHCARE_ONTOLOGY', 'OBJECT_TYPE', 'Encounter', 'viewer', 'READ'),
    ('HEALTHCARE_ONTOLOGY', 'OBJECT_TYPE', 'Encounter', 'admin', 'ADMIN'),
    ('HEALTHCARE_ONTOLOGY', 'OBJECT_TYPE', 'Claim', 'viewer', 'READ'),
    ('HEALTHCARE_ONTOLOGY', 'OBJECT_TYPE', 'Claim', 'admin', 'ADMIN'),
    ('HEALTHCARE_ONTOLOGY', 'OBJECT_TYPE', 'ClaimLine', 'viewer', 'READ'),
    ('HEALTHCARE_ONTOLOGY', 'OBJECT_TYPE', 'ClaimLine', 'admin', 'ADMIN'),
    ('HEALTHCARE_ONTOLOGY', 'OBJECT_TYPE', 'MedicationRequest', 'viewer', 'READ'),
    ('HEALTHCARE_ONTOLOGY', 'OBJECT_TYPE', 'MedicationRequest', 'admin', 'ADMIN'),
    ('HEALTHCARE_ONTOLOGY', 'OBJECT_TYPE', 'MedicationDispense', 'viewer', 'READ'),
    ('HEALTHCARE_ONTOLOGY', 'OBJECT_TYPE', 'MedicationDispense', 'admin', 'ADMIN'),
    ('HEALTHCARE_ONTOLOGY', 'OBJECT_TYPE', 'Observation', 'viewer', 'READ'),
    ('HEALTHCARE_ONTOLOGY', 'OBJECT_TYPE', 'Observation', 'admin', 'ADMIN'),
    ('HEALTHCARE_ONTOLOGY', 'OBJECT_TYPE', 'Condition', 'viewer', 'READ'),
    ('HEALTHCARE_ONTOLOGY', 'OBJECT_TYPE', 'Condition', 'admin', 'ADMIN'),
    ('HEALTHCARE_ONTOLOGY', 'OBJECT_TYPE', 'Procedure', 'viewer', 'READ'),
    ('HEALTHCARE_ONTOLOGY', 'OBJECT_TYPE', 'Procedure', 'admin', 'ADMIN'),
    ('HEALTHCARE_ONTOLOGY', 'OBJECT_TYPE', 'Medication', 'viewer', 'READ'),
    ('HEALTHCARE_ONTOLOGY', 'OBJECT_TYPE', 'Medication', 'admin', 'ADMIN'),
    ('HEALTHCARE_ONTOLOGY', 'OBJECT_TYPE', 'ServiceSetting', 'viewer', 'READ'),
    ('HEALTHCARE_ONTOLOGY', 'OBJECT_TYPE', 'ServiceSetting', 'admin', 'ADMIN'),
    ('HEALTHCARE_ONTOLOGY', 'OBJECT_TYPE', 'Location', 'viewer', 'READ'),
    ('HEALTHCARE_ONTOLOGY', 'OBJECT_TYPE', 'Location', 'admin', 'ADMIN'),
    ('HEALTHCARE_ONTOLOGY', 'OBJECT_TYPE', 'Coverage', 'viewer', 'READ'),
    ('HEALTHCARE_ONTOLOGY', 'OBJECT_TYPE', 'Coverage', 'admin', 'ADMIN');


-- =============================================================================
-- >>> Layer 3 (abstract) — VW_ONT_{CLASS} entity views, VW_ONT_ALL_ENTITIES, REL_RESOLVED
-- >>> (build sub-script: 04_abstract_views.sql)
-- =============================================================================

-- ============================================================================
-- Layer 3: Abstract Ontology Views for HEALTHCARE_ONTOLOGY
-- Generated: 2026-07-10 07:26 UTC
-- ============================================================================

USE SCHEMA CLINICAL_EMR.ONTOLOGY;

-- VW_ONT_PATIENT: Entity view for Patient (KG path)
CREATE OR REPLACE VIEW VW_ONT_PATIENT AS
SELECT
    NODE_ID AS ENTITY_ID,
    NODE_TYPE AS ENTITY_TYPE,
    NAME AS ENTITY_NAME,
    PROPS
FROM KG_NODE
WHERE NODE_TYPE = 'Patient';

-- VW_ONT_PRACTITIONER: Entity view for Practitioner (KG path)
CREATE OR REPLACE VIEW VW_ONT_PRACTITIONER AS
SELECT
    NODE_ID AS ENTITY_ID,
    NODE_TYPE AS ENTITY_TYPE,
    NAME AS ENTITY_NAME,
    PROPS
FROM KG_NODE
WHERE NODE_TYPE = 'Practitioner';

-- VW_ONT_RELATEDPERSON: Entity view for RelatedPerson (KG path)
CREATE OR REPLACE VIEW VW_ONT_RELATEDPERSON AS
SELECT
    NODE_ID AS ENTITY_ID,
    NODE_TYPE AS ENTITY_TYPE,
    NAME AS ENTITY_NAME,
    PROPS
FROM KG_NODE
WHERE NODE_TYPE = 'RelatedPerson';

-- VW_ONT_PAYER: Entity view for Payer (KG path)
CREATE OR REPLACE VIEW VW_ONT_PAYER AS
SELECT
    NODE_ID AS ENTITY_ID,
    NODE_TYPE AS ENTITY_TYPE,
    NAME AS ENTITY_NAME,
    PROPS
FROM KG_NODE
WHERE NODE_TYPE = 'Payer';

-- VW_ONT_FACILITY: Entity view for Facility (KG path)
CREATE OR REPLACE VIEW VW_ONT_FACILITY AS
SELECT
    NODE_ID AS ENTITY_ID,
    NODE_TYPE AS ENTITY_TYPE,
    NAME AS ENTITY_NAME,
    PROPS
FROM KG_NODE
WHERE NODE_TYPE = 'Facility';

-- VW_ONT_ENCOUNTER: Entity view for Encounter (KG path)
CREATE OR REPLACE VIEW VW_ONT_ENCOUNTER AS
SELECT
    NODE_ID AS ENTITY_ID,
    NODE_TYPE AS ENTITY_TYPE,
    NAME AS ENTITY_NAME,
    PROPS
FROM KG_NODE
WHERE NODE_TYPE = 'Encounter';

-- VW_ONT_CLAIM: Entity view for Claim (KG path)
CREATE OR REPLACE VIEW VW_ONT_CLAIM AS
SELECT
    NODE_ID AS ENTITY_ID,
    NODE_TYPE AS ENTITY_TYPE,
    NAME AS ENTITY_NAME,
    PROPS
FROM KG_NODE
WHERE NODE_TYPE = 'Claim';

-- VW_ONT_CLAIMLINE: Entity view for ClaimLine (KG path)
CREATE OR REPLACE VIEW VW_ONT_CLAIMLINE AS
SELECT
    NODE_ID AS ENTITY_ID,
    NODE_TYPE AS ENTITY_TYPE,
    NAME AS ENTITY_NAME,
    PROPS
FROM KG_NODE
WHERE NODE_TYPE = 'ClaimLine';

-- VW_ONT_MEDICATIONREQUEST: Entity view for MedicationRequest (KG path)
CREATE OR REPLACE VIEW VW_ONT_MEDICATIONREQUEST AS
SELECT
    NODE_ID AS ENTITY_ID,
    NODE_TYPE AS ENTITY_TYPE,
    NAME AS ENTITY_NAME,
    PROPS
FROM KG_NODE
WHERE NODE_TYPE = 'MedicationRequest';

-- VW_ONT_MEDICATIONDISPENSE: Entity view for MedicationDispense (KG path)
CREATE OR REPLACE VIEW VW_ONT_MEDICATIONDISPENSE AS
SELECT
    NODE_ID AS ENTITY_ID,
    NODE_TYPE AS ENTITY_TYPE,
    NAME AS ENTITY_NAME,
    PROPS
FROM KG_NODE
WHERE NODE_TYPE = 'MedicationDispense';

-- VW_ONT_OBSERVATION: Entity view for Observation (KG path)
CREATE OR REPLACE VIEW VW_ONT_OBSERVATION AS
SELECT
    NODE_ID AS ENTITY_ID,
    NODE_TYPE AS ENTITY_TYPE,
    NAME AS ENTITY_NAME,
    PROPS
FROM KG_NODE
WHERE NODE_TYPE = 'Observation';

-- VW_ONT_CONDITION: Entity view for Condition (KG path)
CREATE OR REPLACE VIEW VW_ONT_CONDITION AS
SELECT
    NODE_ID AS ENTITY_ID,
    NODE_TYPE AS ENTITY_TYPE,
    NAME AS ENTITY_NAME,
    PROPS
FROM KG_NODE
WHERE NODE_TYPE = 'Condition';

-- VW_ONT_PROCEDURE: Entity view for Procedure (KG path)
CREATE OR REPLACE VIEW VW_ONT_PROCEDURE AS
SELECT
    NODE_ID AS ENTITY_ID,
    NODE_TYPE AS ENTITY_TYPE,
    NAME AS ENTITY_NAME,
    PROPS
FROM KG_NODE
WHERE NODE_TYPE = 'Procedure';

-- VW_ONT_MEDICATION: Entity view for Medication (KG path)
CREATE OR REPLACE VIEW VW_ONT_MEDICATION AS
SELECT
    NODE_ID AS ENTITY_ID,
    NODE_TYPE AS ENTITY_TYPE,
    NAME AS ENTITY_NAME,
    PROPS
FROM KG_NODE
WHERE NODE_TYPE = 'Medication';

-- VW_ONT_SERVICESETTING: Entity view for ServiceSetting (KG path)
CREATE OR REPLACE VIEW VW_ONT_SERVICESETTING AS
SELECT
    NODE_ID AS ENTITY_ID,
    NODE_TYPE AS ENTITY_TYPE,
    NAME AS ENTITY_NAME,
    PROPS
FROM KG_NODE
WHERE NODE_TYPE = 'ServiceSetting';

-- VW_ONT_LOCATION: Entity view for Location (KG path)
CREATE OR REPLACE VIEW VW_ONT_LOCATION AS
SELECT
    NODE_ID AS ENTITY_ID,
    NODE_TYPE AS ENTITY_TYPE,
    NAME AS ENTITY_NAME,
    PROPS
FROM KG_NODE
WHERE NODE_TYPE = 'Location';

-- VW_ONT_COVERAGE: Entity view for Coverage (KG path)
CREATE OR REPLACE VIEW VW_ONT_COVERAGE AS
SELECT
    NODE_ID AS ENTITY_ID,
    NODE_TYPE AS ENTITY_TYPE,
    NAME AS ENTITY_NAME,
    PROPS
FROM KG_NODE
WHERE NODE_TYPE = 'Coverage';

-- VW_ONT_ALL_ENTITIES: Unified view of all entity types
CREATE OR REPLACE VIEW VW_ONT_ALL_ENTITIES AS
SELECT ENTITY_ID, ENTITY_TYPE, ENTITY_NAME, PROPS FROM VW_ONT_PATIENT
UNION ALL
SELECT ENTITY_ID, ENTITY_TYPE, ENTITY_NAME, PROPS FROM VW_ONT_PRACTITIONER
UNION ALL
SELECT ENTITY_ID, ENTITY_TYPE, ENTITY_NAME, PROPS FROM VW_ONT_RELATEDPERSON
UNION ALL
SELECT ENTITY_ID, ENTITY_TYPE, ENTITY_NAME, PROPS FROM VW_ONT_PAYER
UNION ALL
SELECT ENTITY_ID, ENTITY_TYPE, ENTITY_NAME, PROPS FROM VW_ONT_FACILITY
UNION ALL
SELECT ENTITY_ID, ENTITY_TYPE, ENTITY_NAME, PROPS FROM VW_ONT_ENCOUNTER
UNION ALL
SELECT ENTITY_ID, ENTITY_TYPE, ENTITY_NAME, PROPS FROM VW_ONT_CLAIM
UNION ALL
SELECT ENTITY_ID, ENTITY_TYPE, ENTITY_NAME, PROPS FROM VW_ONT_CLAIMLINE
UNION ALL
SELECT ENTITY_ID, ENTITY_TYPE, ENTITY_NAME, PROPS FROM VW_ONT_MEDICATIONREQUEST
UNION ALL
SELECT ENTITY_ID, ENTITY_TYPE, ENTITY_NAME, PROPS FROM VW_ONT_MEDICATIONDISPENSE
UNION ALL
SELECT ENTITY_ID, ENTITY_TYPE, ENTITY_NAME, PROPS FROM VW_ONT_OBSERVATION
UNION ALL
SELECT ENTITY_ID, ENTITY_TYPE, ENTITY_NAME, PROPS FROM VW_ONT_CONDITION
UNION ALL
SELECT ENTITY_ID, ENTITY_TYPE, ENTITY_NAME, PROPS FROM VW_ONT_PROCEDURE
UNION ALL
SELECT ENTITY_ID, ENTITY_TYPE, ENTITY_NAME, PROPS FROM VW_ONT_MEDICATION
UNION ALL
SELECT ENTITY_ID, ENTITY_TYPE, ENTITY_NAME, PROPS FROM VW_ONT_SERVICESETTING
UNION ALL
SELECT ENTITY_ID, ENTITY_TYPE, ENTITY_NAME, PROPS FROM VW_ONT_LOCATION
UNION ALL
SELECT ENTITY_ID, ENTITY_TYPE, ENTITY_NAME, PROPS FROM VW_ONT_COVERAGE
;

-- REL_RESOLVED: Resolved relationships with node names
CREATE OR REPLACE VIEW REL_RESOLVED AS
SELECT
    e.EDGE_TYPE AS REL_NAME,
    e.SRC_ID,
    src.NAME AS SRC_NAME,
    src.NODE_TYPE AS SRC_TYPE,
    e.DST_ID,
    dst.NAME AS DST_NAME,
    dst.NODE_TYPE AS DST_TYPE,
    e.WEIGHT,
    e.EFFECTIVE_START,
    e.EFFECTIVE_END
FROM KG_EDGE e
LEFT JOIN KG_NODE src ON e.SRC_ID = src.NODE_ID
LEFT JOIN KG_NODE dst ON e.DST_ID = dst.NODE_ID;


-- =============================================================================
-- >>> Layer 3 (hierarchy) — VW_ONT_SUBCLASS_OF / VW_ANCESTORS / VW_DESCENDANTS / VW_ONT_HIERARCHY_STATS (over ONT_CLASS)
-- >>> (build sub-script: 04b_hierarchy_views.sql)
-- =============================================================================

-- ============================================================================
-- Layer 3b: Ontology hierarchy views (built over ONT_CLASS; run after 03)
-- ============================================================================
USE SCHEMA CLINICAL_EMR.ONTOLOGY;

CREATE OR REPLACE VIEW VW_ONT_SUBCLASS_OF AS
SELECT CLASS_NAME AS CHILD_CLASS, PARENT_CLASS_NAME AS PARENT_CLASS
FROM ONT_CLASS
WHERE PARENT_CLASS_NAME IS NOT NULL;

CREATE OR REPLACE VIEW VW_ANCESTORS AS
WITH RECURSIVE anc AS (
    SELECT CLASS_NAME, PARENT_CLASS_NAME AS ANCESTOR_CLASS, 1 AS DEPTH
    FROM ONT_CLASS WHERE PARENT_CLASS_NAME IS NOT NULL
    UNION ALL
    SELECT a.CLASS_NAME, c.PARENT_CLASS_NAME, a.DEPTH + 1
    FROM anc a JOIN ONT_CLASS c ON a.ANCESTOR_CLASS = c.CLASS_NAME
    WHERE c.PARENT_CLASS_NAME IS NOT NULL
)
SELECT CLASS_NAME, ANCESTOR_CLASS, DEPTH FROM anc;

CREATE OR REPLACE VIEW VW_DESCENDANTS AS
WITH RECURSIVE des AS (
    SELECT PARENT_CLASS_NAME AS CLASS_NAME, CLASS_NAME AS DESCENDANT_CLASS, 1 AS DEPTH
    FROM ONT_CLASS WHERE PARENT_CLASS_NAME IS NOT NULL
    UNION ALL
    SELECT d.CLASS_NAME, c.CLASS_NAME, d.DEPTH + 1
    FROM des d JOIN ONT_CLASS c ON c.PARENT_CLASS_NAME = d.DESCENDANT_CLASS
)
SELECT CLASS_NAME, DESCENDANT_CLASS, DEPTH FROM des;

CREATE OR REPLACE VIEW VW_ONT_HIERARCHY_STATS AS
SELECT
    c.CLASS_NAME,
    c.PARENT_CLASS_NAME,
    c.IS_ABSTRACT,
    (SELECT COUNT(*) FROM VW_DESCENDANTS d WHERE d.CLASS_NAME = c.CLASS_NAME) AS DESCENDANT_COUNT,
    (SELECT COALESCE(MAX(DEPTH),0) FROM VW_ANCESTORS a WHERE a.CLASS_NAME = c.CLASS_NAME) AS DEPTH_FROM_ROOT,
    COALESCE(inst.CNT, 0) AS INSTANCE_COUNT
FROM ONT_CLASS c
LEFT JOIN (SELECT NODE_TYPE, COUNT(*) CNT FROM KG_NODE GROUP BY NODE_TYPE) inst
       ON inst.NODE_TYPE = c.CLASS_NAME;


-- =============================================================================
-- >>> Layer 3 (regenerator) — SP_GENERATE_ONTOLOGY_VIEWS (KG-path: rebuilds VW_ONT_* from KG_NODE)
-- >>> (build sub-script: 05_view_generator_sp.sql)
-- =============================================================================

-- ============================================================================
-- Layer 3: View-generator stored procedure (KG-path correct)
-- Regenerates VW_ONT_{CLASS} abstract views from KG_NODE for every concrete
-- class registered in ONT_CLASS. Idempotent; safe to re-run.
-- ============================================================================
USE SCHEMA CLINICAL_EMR.ONTOLOGY;

CREATE OR REPLACE PROCEDURE SP_GENERATE_ONTOLOGY_VIEWS()
RETURNS STRING
LANGUAGE SQL
AS
$$
DECLARE
    c CURSOR FOR SELECT CLASS_NAME FROM ONT_CLASS WHERE IS_ABSTRACT = FALSE ORDER BY CLASS_NAME;
    n INTEGER DEFAULT 0;
    union_sql STRING DEFAULT '';
BEGIN
    FOR r IN c DO
        EXECUTE IMMEDIATE
            'CREATE OR REPLACE VIEW VW_ONT_' || UPPER(r.CLASS_NAME) || ' AS ' ||
            'SELECT NODE_ID AS ENTITY_ID, NODE_TYPE AS ENTITY_TYPE, NAME AS ENTITY_NAME, PROPS ' ||
            'FROM KG_NODE WHERE NODE_TYPE = ''' || r.CLASS_NAME || '''';
        IF (n > 0) THEN
            union_sql := union_sql || ' UNION ALL ';
        END IF;
        union_sql := union_sql ||
            'SELECT ENTITY_ID, ENTITY_TYPE, ENTITY_NAME, PROPS FROM VW_ONT_' || UPPER(r.CLASS_NAME);
        n := n + 1;
    END FOR;

    EXECUTE IMMEDIATE 'CREATE OR REPLACE VIEW VW_ONT_ALL_ENTITIES AS ' || union_sql;

    RETURN 'Regenerated ' || n || ' ontology entity views + VW_ONT_ALL_ENTITIES';
END;
$$;

-- Regenerate to confirm the procedure works (recreates identical KG-based views)
CALL SP_GENERATE_ONTOLOGY_VIEWS();


-- =============================================================================
-- >>> Inference engine — transitive/inverse inference + cardinality/referential data-quality checks
-- >>> (build sub-script: 06_inference_engine.sql)
-- =============================================================================

-- =============================================================
-- INFERENCE ENGINE & CONSTRAINT PROCEDURES
-- Optional stored procedures for ontology inference and data quality
-- Generated by ontology-stack-builder
-- =============================================================

USE DATABASE CLINICAL_EMR;
USE SCHEMA ONTOLOGY;

-- =============================================================
-- SP_INFER_TRANSITIVE
-- Computes transitive closure for a relationship type.
-- If A->B and B->C via the same rel, infers A->C.
-- =============================================================
CREATE OR REPLACE PROCEDURE SP_INFER_TRANSITIVE(TARGET_REL STRING, RULE_ID STRING)
RETURNS STRING
LANGUAGE PYTHON
RUNTIME_VERSION = '3.12'
PACKAGES = ('snowflake-snowpark-python')
HANDLER = 'infer_transitive'
AS
$$
def infer_transitive(session, target_rel, rule_id):
    session.sql(f"""
        DELETE FROM REL_EDGE_INFERRED WHERE RULE_ID = '{rule_id}'
    """).collect()

    infer_sql = f"""
        INSERT INTO REL_EDGE_INFERRED (REL_NAME, SRC_ID, DST_ID, INFERENCE_KIND, RULE_ID, WEIGHT)
        WITH RECURSIVE transitive(src, dst, depth) AS (
            SELECT SRC_ID, DST_ID, 1
            FROM KG_EDGE
            WHERE EDGE_TYPE = '{target_rel}'
            UNION ALL
            SELECT t.src, e.DST_ID, t.depth + 1
            FROM transitive t
            JOIN KG_EDGE e ON t.dst = e.SRC_ID AND e.EDGE_TYPE = '{target_rel}'
            WHERE t.depth < 5 AND t.src != e.DST_ID
        )
        SELECT DISTINCT
            '{target_rel}', src, dst, 'TRANSITIVE', '{rule_id}', 1.0 / depth
        FROM transitive
        WHERE (src, dst) NOT IN (
            SELECT SRC_ID, DST_ID FROM KG_EDGE WHERE EDGE_TYPE = '{target_rel}'
        )
    """
    session.sql(infer_sql).collect()
    count = session.sql(f"""
        SELECT COUNT(*) AS cnt FROM REL_EDGE_INFERRED WHERE RULE_ID = '{rule_id}'
    """).collect()[0]['CNT']
    return f"Inferred {count} transitive edges for {target_rel}"
$$;

-- =============================================================
-- SP_INFER_INVERSE
-- Creates inverse relationships based on ONT_RELATION_DEF.INVERSE_REL_NAME
-- =============================================================
CREATE OR REPLACE PROCEDURE SP_INFER_INVERSE(RULE_ID STRING)
RETURNS STRING
LANGUAGE PYTHON
RUNTIME_VERSION = '3.12'
PACKAGES = ('snowflake-snowpark-python')
HANDLER = 'infer_inverse'
AS
$$
def infer_inverse(session, rule_id):
    session.sql(f"""
        DELETE FROM REL_EDGE_INFERRED WHERE RULE_ID = '{rule_id}'
    """).collect()

    rels = session.sql("""
        SELECT REL_NAME, INVERSE_REL_NAME
        FROM ONT_RELATION_DEF
        WHERE INVERSE_REL_NAME IS NOT NULL AND STATUS = 'ACTIVE'
    """).collect()

    total = 0
    for rel in rels:
        rel_name = rel['REL_NAME']
        inverse_name = rel['INVERSE_REL_NAME']
        session.sql(f"""
            INSERT INTO REL_EDGE_INFERRED
                (REL_NAME, SRC_ID, DST_ID, INFERENCE_KIND, RULE_ID, WEIGHT, EFFECTIVE_START, EFFECTIVE_END)
            SELECT
                '{inverse_name}', DST_ID, SRC_ID, 'INVERSE', '{rule_id}',
                WEIGHT, EFFECTIVE_START, EFFECTIVE_END
            FROM KG_EDGE
            WHERE EDGE_TYPE = '{rel_name}'
        """).collect()
        cnt = session.sql(f"""
            SELECT COUNT(*) AS cnt FROM REL_EDGE_INFERRED
            WHERE RULE_ID = '{rule_id}' AND REL_NAME = '{inverse_name}'
        """).collect()[0]['CNT']
        total += cnt

    return f"Inferred {total} inverse edges"
$$;

-- =============================================================
-- SP_RUN_ONTOLOGY_INFERENCE
-- Master procedure — runs all enabled inference rules in order
-- =============================================================
CREATE OR REPLACE PROCEDURE SP_RUN_ONTOLOGY_INFERENCE()
RETURNS STRING
LANGUAGE PYTHON
RUNTIME_VERSION = '3.12'
PACKAGES = ('snowflake-snowpark-python')
HANDLER = 'run_inference'
AS
$$
def run_inference(session):
    rules = session.sql("""
        SELECT RULE_ID, RULE_KIND, TARGET_REL
        FROM ONT_RULE
        WHERE IS_ENABLED = TRUE
        ORDER BY CASE RULE_KIND
            WHEN 'INVERSE' THEN 1
            WHEN 'TRANSITIVE' THEN 2
            WHEN 'PROPERTY_CHAIN' THEN 3
        END
    """).collect()

    results = []
    for rule in rules:
        rule_id = rule['RULE_ID']
        kind = rule['RULE_KIND']
        try:
            if kind == 'INVERSE':
                r = session.call('SP_INFER_INVERSE', rule_id)
            elif kind == 'TRANSITIVE':
                r = session.call('SP_INFER_TRANSITIVE', rule['TARGET_REL'], rule_id)
            else:
                r = f"Unsupported rule kind: {kind}"
            results.append(f"{rule_id}: {r}")
        except Exception as e:
            results.append(f"{rule_id}: ERROR - {str(e)}")
    return "\n".join(results)
$$;

-- =============================================================
-- SP_CHECK_CARDINALITY_SINGLE
-- Checks that a 1:1 or N:1 relationship has at most one edge per source
-- =============================================================
CREATE OR REPLACE PROCEDURE SP_CHECK_CARDINALITY_SINGLE(REL STRING, CHECK_NAME STRING)
RETURNS STRING
LANGUAGE PYTHON
RUNTIME_VERSION = '3.12'
PACKAGES = ('snowflake-snowpark-python')
HANDLER = 'check_cardinality'
AS
$$
def check_cardinality(session, rel, check_name):
    session.sql(f"""
        INSERT INTO ONT_CONSTRAINT_VIOLATION (CHECK_NAME, SCOPE, REL_OR_CLASS, SRC_ID, DETAILS)
        SELECT '{check_name}', 'RELATION', '{rel}', SRC_ID,
               'Multiple edges from same source: ' || COUNT(*) || ' edges'
        FROM KG_EDGE
        WHERE EDGE_TYPE = '{rel}'
          AND (EFFECTIVE_END IS NULL OR EFFECTIVE_END >= CURRENT_DATE())
        GROUP BY SRC_ID HAVING COUNT(*) > 1
    """).collect()
    cnt = session.sql(f"""
        SELECT COUNT(*) AS cnt FROM ONT_CONSTRAINT_VIOLATION WHERE CHECK_NAME = '{check_name}'
    """).collect()[0]['CNT']
    return f"Found {cnt} cardinality violations for {rel}"
$$;

-- =============================================================
-- SP_CHECK_REFERENTIAL
-- Checks that all edge endpoints reference existing nodes
-- =============================================================
CREATE OR REPLACE PROCEDURE SP_CHECK_REFERENTIAL(REL STRING, CHECK_NAME STRING)
RETURNS STRING
LANGUAGE PYTHON
RUNTIME_VERSION = '3.12'
PACKAGES = ('snowflake-snowpark-python')
HANDLER = 'check_referential'
AS
$$
def check_referential(session, rel, check_name):
    session.sql(f"""
        INSERT INTO ONT_CONSTRAINT_VIOLATION (CHECK_NAME, SCOPE, REL_OR_CLASS, SRC_ID, DETAILS)
        SELECT '{check_name}', 'RELATION', '{rel}', e.SRC_ID, 'Source node not found'
        FROM KG_EDGE e LEFT JOIN KG_NODE n ON e.SRC_ID = n.NODE_ID
        WHERE e.EDGE_TYPE = '{rel}' AND n.NODE_ID IS NULL
    """).collect()
    session.sql(f"""
        INSERT INTO ONT_CONSTRAINT_VIOLATION (CHECK_NAME, SCOPE, REL_OR_CLASS, DST_ID, DETAILS)
        SELECT '{check_name}', 'RELATION', '{rel}', e.DST_ID, 'Destination node not found'
        FROM KG_EDGE e LEFT JOIN KG_NODE n ON e.DST_ID = n.NODE_ID
        WHERE e.EDGE_TYPE = '{rel}' AND n.NODE_ID IS NULL
    """).collect()
    cnt = session.sql(f"""
        SELECT COUNT(*) AS cnt FROM ONT_CONSTRAINT_VIOLATION WHERE CHECK_NAME = '{check_name}'
    """).collect()[0]['CNT']
    return f"Found {cnt} referential integrity violations for {rel}"
$$;

COMMENT ON PROCEDURE SP_INFER_TRANSITIVE(STRING, STRING) IS 'Computes transitive closure for a relationship type';
COMMENT ON PROCEDURE SP_INFER_INVERSE(STRING) IS 'Creates inverse relationships based on ontology definitions';
COMMENT ON PROCEDURE SP_RUN_ONTOLOGY_INFERENCE() IS 'Master procedure to run all enabled inference rules';
COMMENT ON PROCEDURE SP_CHECK_CARDINALITY_SINGLE(STRING, STRING) IS 'Checks cardinality constraints for relationships';
COMMENT ON PROCEDURE SP_CHECK_REFERENTIAL(STRING, STRING) IS 'Checks referential integrity for edges';


-- =============================================================================
-- >>> Graph traversal tools — 4 SQL UDFs over the class hierarchy (subClassOf) used as agent tools
-- >>> (build sub-script: 07_graph_traversal_tools.sql)
-- =============================================================================

-- ============================================================================
-- 07_graph_traversal_tools.sql
-- Generic SQL UDF Graph Traversal Tools for Cortex Agent
-- Generated by ontology-stack-builder
-- ============================================================================
-- These UDFs operate on KG_NODE / KG_EDGE and work with any ontology.
-- They are registered as "generic" tools in the Cortex Agent, enabling
-- hierarchy traversal queries that semantic views cannot handle well
-- (e.g., recursive descendant expansion with a runtime root concept).
-- ============================================================================

USE SCHEMA CLINICAL_EMR.ONTOLOGY;

-- ============================================================================
-- EXPAND_DESCENDANTS_TOOL: Get all descendants of a root concept
-- ============================================================================
-- Given a concept name, recursively walks subClassOf edges downward to
-- return all descendant concepts with depth and path.
--
-- Example: SELECT * FROM TABLE(EXPAND_DESCENDANTS_TOOL('Vehicle'));
-- ============================================================================

CREATE OR REPLACE FUNCTION EXPAND_DESCENDANTS_TOOL(ROOT_CONCEPT VARCHAR)
RETURNS TABLE (
    NODE_ID VARCHAR,
    NODE_NAME VARCHAR,
    DEPTH NUMBER,
    PATH VARCHAR
)
LANGUAGE SQL
AS
$$
WITH RECURSIVE
root_node AS (
    SELECT NODE_ID, NAME
    FROM CLINICAL_EMR.ONTOLOGY.KG_NODE
    WHERE LOWER(NAME) = LOWER(ROOT_CONCEPT)
    LIMIT 1
),
descendants AS (
    SELECT
        e.SRC_ID AS NODE_ID,
        n.NAME AS NODE_NAME,
        1 AS DEPTH,
        r.NAME || ' -> ' || n.NAME AS PATH
    FROM CLINICAL_EMR.ONTOLOGY.KG_EDGE e
    JOIN root_node r ON e.DST_ID = r.NODE_ID
    JOIN CLINICAL_EMR.ONTOLOGY.KG_NODE n ON e.SRC_ID = n.NODE_ID
    WHERE e.EDGE_TYPE = 'subClassOf'

    UNION ALL

    SELECT
        e.SRC_ID AS NODE_ID,
        n.NAME AS NODE_NAME,
        d.DEPTH + 1 AS DEPTH,
        d.PATH || ' -> ' || n.NAME AS PATH
    FROM descendants d
    JOIN CLINICAL_EMR.ONTOLOGY.KG_EDGE e ON d.NODE_ID = e.DST_ID
    JOIN CLINICAL_EMR.ONTOLOGY.KG_NODE n ON e.SRC_ID = n.NODE_ID
    WHERE e.EDGE_TYPE = 'subClassOf'
    AND d.DEPTH < 15
)
SELECT NODE_ID, NAME AS NODE_NAME, 0 AS DEPTH, NAME AS PATH
FROM root_node
UNION ALL
SELECT NODE_ID, NODE_NAME, DEPTH, PATH
FROM descendants
ORDER BY DEPTH, NODE_NAME
$$;

COMMENT ON FUNCTION EXPAND_DESCENDANTS_TOOL(VARCHAR) IS
'Returns all descendants of a root concept in the ontology hierarchy.
Use for cohort expansion queries like "all subtypes of X".
Returns NODE_ID, NODE_NAME, DEPTH (distance from root), and PATH.';


-- ============================================================================
-- GET_ANCESTORS_TOOL: Get all ancestors of a concept
-- ============================================================================
-- Given a concept name, recursively walks subClassOf edges upward to
-- return all ancestor concepts with depth (shortest path).
--
-- Example: SELECT * FROM TABLE(GET_ANCESTORS_TOOL('Sedan'));
-- ============================================================================

CREATE OR REPLACE FUNCTION GET_ANCESTORS_TOOL(CONCEPT VARCHAR)
RETURNS TABLE (
    ANCESTOR_ID VARCHAR,
    ANCESTOR_NAME VARCHAR,
    DEPTH NUMBER
)
LANGUAGE SQL
AS
$$
WITH RECURSIVE
start_node AS (
    SELECT NODE_ID, NAME
    FROM CLINICAL_EMR.ONTOLOGY.KG_NODE
    WHERE LOWER(NAME) = LOWER(CONCEPT)
    LIMIT 1
),
ancestors AS (
    SELECT
        e.DST_ID AS ANCESTOR_ID,
        n.NAME AS ANCESTOR_NAME,
        1 AS DEPTH
    FROM start_node s
    JOIN CLINICAL_EMR.ONTOLOGY.KG_EDGE e ON s.NODE_ID = e.SRC_ID
    JOIN CLINICAL_EMR.ONTOLOGY.KG_NODE n ON e.DST_ID = n.NODE_ID
    WHERE e.EDGE_TYPE = 'subClassOf'

    UNION ALL

    SELECT
        e.DST_ID AS ANCESTOR_ID,
        n.NAME AS ANCESTOR_NAME,
        a.DEPTH + 1 AS DEPTH
    FROM ancestors a
    JOIN CLINICAL_EMR.ONTOLOGY.KG_EDGE e ON a.ANCESTOR_ID = e.SRC_ID
    JOIN CLINICAL_EMR.ONTOLOGY.KG_NODE n ON e.DST_ID = n.NODE_ID
    WHERE e.EDGE_TYPE = 'subClassOf'
    AND a.DEPTH < 20
)
SELECT DISTINCT ANCESTOR_ID, ANCESTOR_NAME, MIN(DEPTH) AS DEPTH
FROM ancestors
GROUP BY ANCESTOR_ID, ANCESTOR_NAME
ORDER BY DEPTH, ANCESTOR_NAME
$$;

COMMENT ON FUNCTION GET_ANCESTORS_TOOL(VARCHAR) IS
'Returns all ancestors of a concept. Use for understanding where a concept sits in the hierarchy.';


-- ============================================================================
-- GET_HIERARCHY_PATH_TOOL: Find path between two concepts
-- ============================================================================
-- Given a start and end concept, finds the shortest path through the
-- subClassOf hierarchy (traversing upward from start toward end).
--
-- Example: SELECT * FROM TABLE(GET_HIERARCHY_PATH_TOOL('Sedan', 'Vehicle'));
-- ============================================================================

CREATE OR REPLACE FUNCTION GET_HIERARCHY_PATH_TOOL(START_CONCEPT VARCHAR, END_CONCEPT VARCHAR)
RETURNS TABLE (
    STEP NUMBER,
    NODE_ID VARCHAR,
    NODE_NAME VARCHAR,
    RELATIONSHIP VARCHAR
)
LANGUAGE SQL
AS
$$
WITH RECURSIVE
start_node AS (
    SELECT NODE_ID, NAME
    FROM CLINICAL_EMR.ONTOLOGY.KG_NODE
    WHERE LOWER(NAME) = LOWER(START_CONCEPT)
    LIMIT 1
),
end_node AS (
    SELECT NODE_ID, NAME
    FROM CLINICAL_EMR.ONTOLOGY.KG_NODE
    WHERE LOWER(NAME) = LOWER(END_CONCEPT)
    LIMIT 1
),
path_up AS (
    SELECT
        s.NODE_ID,
        s.NAME AS NODE_NAME,
        0 AS STEP,
        ARRAY_CONSTRUCT(s.NODE_ID) AS VISITED
    FROM start_node s

    UNION ALL

    SELECT
        e.DST_ID AS NODE_ID,
        n.NAME AS NODE_NAME,
        p.STEP + 1 AS STEP,
        ARRAY_APPEND(p.VISITED, e.DST_ID) AS VISITED
    FROM path_up p
    JOIN CLINICAL_EMR.ONTOLOGY.KG_EDGE e ON p.NODE_ID = e.SRC_ID
    JOIN CLINICAL_EMR.ONTOLOGY.KG_NODE n ON e.DST_ID = n.NODE_ID
    CROSS JOIN end_node en
    WHERE e.EDGE_TYPE = 'subClassOf'
    AND NOT ARRAY_CONTAINS(e.DST_ID::VARIANT, p.VISITED)
    AND p.STEP < 20
)
SELECT
    STEP,
    NODE_ID,
    NODE_NAME,
    CASE WHEN STEP = 0 THEN 'START' ELSE 'subClassOf' END AS RELATIONSHIP
FROM path_up
WHERE NODE_ID = (SELECT NODE_ID FROM end_node)
   OR STEP <= (
       SELECT MIN(STEP) FROM path_up WHERE NODE_ID = (SELECT NODE_ID FROM end_node)
   )
QUALIFY ROW_NUMBER() OVER (PARTITION BY NODE_ID ORDER BY STEP) = 1
ORDER BY STEP
$$;

COMMENT ON FUNCTION GET_HIERARCHY_PATH_TOOL(VARCHAR, VARCHAR) IS
'Returns the path between two concepts in the ontology hierarchy.
Use for lineage queries like "path from X to Y".
Returns STEP number, NODE_ID, NODE_NAME, and RELATIONSHIP type.';


-- ============================================================================
-- GET_DIRECT_CHILDREN_TOOL: Get immediate children of a concept
-- ============================================================================
-- Simple non-recursive single-hop query for direct children.
--
-- Example: SELECT * FROM TABLE(GET_DIRECT_CHILDREN_TOOL('Vehicle'));
-- ============================================================================

CREATE OR REPLACE FUNCTION GET_DIRECT_CHILDREN_TOOL(PARENT_CONCEPT VARCHAR)
RETURNS TABLE (
    CHILD_ID VARCHAR,
    CHILD_NAME VARCHAR,
    CHILD_TYPE VARCHAR
)
LANGUAGE SQL
AS
$$
SELECT
    n.NODE_ID AS CHILD_ID,
    n.NAME AS CHILD_NAME,
    n.NODE_TYPE AS CHILD_TYPE
FROM CLINICAL_EMR.ONTOLOGY.KG_NODE parent
JOIN CLINICAL_EMR.ONTOLOGY.KG_EDGE e ON parent.NODE_ID = e.DST_ID
JOIN CLINICAL_EMR.ONTOLOGY.KG_NODE n ON e.SRC_ID = n.NODE_ID
WHERE LOWER(parent.NAME) = LOWER(PARENT_CONCEPT)
AND e.EDGE_TYPE = 'subClassOf'
ORDER BY n.NAME
$$;

COMMENT ON FUNCTION GET_DIRECT_CHILDREN_TOOL(VARCHAR) IS
'Returns direct children (depth=1) of a concept. Use for incremental hierarchy exploration.';


-- ============================================================================
-- Verification queries (uncomment to test after deployment):
-- ============================================================================
-- SELECT * FROM TABLE(EXPAND_DESCENDANTS_TOOL('YourRootConcept')) LIMIT 20;
-- SELECT * FROM TABLE(GET_DIRECT_CHILDREN_TOOL('YourRootConcept'));
-- SELECT * FROM TABLE(GET_ANCESTORS_TOOL('YourLeafConcept'));
-- SELECT * FROM TABLE(GET_HIERARCHY_PATH_TOOL('YourLeafConcept', 'YourRootConcept'));


-- =============================================================================
-- >>> Provenance & identity rules — upstream ONT_OBJECT_SOURCE rows + ONT_IDENTITY_RULE (degrading-hierarchy resolution rules)
-- >>> (build sub-script: 08_provenance_seed.sql)
-- =============================================================================

-- ============================================================================
-- Layer 2b: Upstream provenance + identity-resolution metadata
-- Answers the "about the ontology itself" questions (Q7, Q8, Q9): which real
-- source tables/columns feed each class and which identifier systems resolve
-- them. Run after 03 (ONT_OBJECT_SOURCE must exist).
-- ============================================================================
USE SCHEMA CLINICAL_EMR.ONTOLOGY;

-- Upstream source tables per class (the generator seeded KG_NODE projections;
-- these rows record the TRUE originating tables across the 3 source systems).
INSERT INTO ONT_OBJECT_SOURCE (ONTOLOGY_NAME, OBJ_TYPE, SOURCE_TABLE, FILTER_SQL, MAPPING)
SELECT 'HEALTHCARE_ONTOLOGY', OBJ_TYPE, SOURCE_TABLE, NULL, PARSE_JSON(MAPPING_JSON)
FROM VALUES
  ('Patient','CLINICAL_EMR.EHR.PATIENT_MASTER','{"role":"anchor/master","keys":"MRN, SSN, INS_MEMBER_ID, FIRST/LAST/DOB","note":"canonical PATIENT_KEY = MRN"}'),
  ('Patient','PAYER_CLAIMS.CLAIMS.MEMBER','{"role":"claims identity","keys":"MEMBER_ID, MEMBER_SSN, MEMBER_NAME, DOB","link":"INS_MEMBER_ID=MEMBER_ID (strong)"}'),
  ('Patient','PHARMACY_OPS.RX.SUBSCRIBER','{"role":"pharmacy identity","keys":"RX_MEMBER_ID, PATIENT_SSN, PATIENT_NAME(nickname), DOB","link":"SSN then name+DOB (weak)"}'),
  ('Practitioner','CLINICAL_EMR.EHR.PHYSICIAN','{"role":"anchor","keys":"NPI, PHYSICIAN_ID(local), FULL_NAME, SPECIALTY"}'),
  ('Practitioner','PAYER_CLAIMS.CLAIMS.RENDERING_PROVIDER','{"role":"claims","keys":"RENDERING_NPI, PROVIDER_NAME(LAST, FIRST), PROVIDER_TYPE","link":"NPI"}'),
  ('Practitioner','PHARMACY_OPS.RX.PRESCRIBER','{"role":"pharmacy","keys":"PRESCRIBER_ID(=NPI), PRESCRIBER_NAME(S CHEN), DEA_NUMBER","link":"NPI"}'),
  ('RelatedPerson','CLINICAL_EMR.EHR.PATIENT_MASTER','{"role":"nested","keys":"KIN_NAME, KIN_RELATION, KIN_PHONE"}'),
  ('Payer','PAYER_CLAIMS.CLAIMS.MEMBER','{"keys":"PLAN_NAME"}'),
  ('Payer','CLINICAL_EMR.EHR.PATIENT_MASTER','{"keys":"INS_PAYER_NAME (inline)"}'),
  ('Payer','PAYER_CLAIMS.CLAIMS.CLAIMS_LINE','{"keys":"PLAN_NAME (inline)"}'),
  ('Facility','CLINICAL_EMR.EHR.DEPARTMENT','{"keys":"FACILITY_NAME (distinct)"}'),
  ('Location','CLINICAL_EMR.EHR.DEPARTMENT','{"keys":"DEPT_ID, DEPT_NAME, ADDRESS"}'),
  ('ServiceSetting','PAYER_CLAIMS.CLAIMS.PLACE_OF_SERVICE','{"keys":"POS_CODE, POS_DESCRIPTION"}'),
  ('Encounter','CLINICAL_EMR.EHR.VISIT','{"keys":"VISIT_ID","overloaded":"encounter+provider+location+dx+vitals"}'),
  ('Claim','PAYER_CLAIMS.CLAIMS.CLAIMS_LINE','{"keys":"CLAIM_ID (grouped)"}'),
  ('ClaimLine','PAYER_CLAIMS.CLAIMS.CLAIMS_LINE','{"keys":"CLAIM_ID+LINE_NO"}'),
  ('MedicationRequest','CLINICAL_EMR.EHR.MEDICATION','{"keys":"MED_ORDER_ID","note":"RXNORM_CODE may be NULL; recovered via DRUG_NAME->NDC_PRODUCT text match"}'),
  ('MedicationDispense','PHARMACY_OPS.RX.PHARMACY_FILL','{"keys":"FILL_ID, NDC","overloaded":"request+dispense+medication+patient+prescriber"}'),
  ('Observation','CLINICAL_EMR.EHR.VISIT','{"role":"vitals(wide)","keys":"BP_SYSTOLIC/DIASTOLIC, WEIGHT_KG, A1C_PCT","transform":"unpivot"}'),
  ('Observation','CLINICAL_EMR.EHR.LAB_RESULTS','{"role":"labs(wide)","keys":"GLUCOSE, HBA1C, LDL, CREATININE, EGFR","transform":"unpivot"}'),
  ('Condition','CLINICAL_EMR.EHR.PROBLEM_LIST','{"keys":"ICD10_CODE(dotted), SNOMED_CODE","canonical":"dotted ICD-10"}'),
  ('Condition','CLINICAL_EMR.EHR.VISIT','{"keys":"PRIMARY_ICD10(dotted)"}'),
  ('Condition','PAYER_CLAIMS.CLAIMS.CLAIMS_LINE','{"keys":"DX_CODE(no dot -> dotted)"}'),
  ('Procedure','PAYER_CLAIMS.CLAIMS.CLAIMS_LINE','{"keys":"CPT_CODE, CPT_DESC (distinct)"}'),
  ('Medication','PHARMACY_OPS.RX.NDC_PRODUCT','{"role":"master crosswalk","keys":"RXNORM_CODE<->NDC, GENERIC_NAME, STRENGTH"}'),
  ('Medication','CLINICAL_EMR.EHR.MEDICATION','{"role":"orders","keys":"RXNORM_CODE (some NULL)"}'),
  ('Medication','PHARMACY_OPS.RX.PHARMACY_FILL','{"role":"dispenses","keys":"NDC -> RxNorm"}'),
  ('Coverage','PAYER_CLAIMS.CLAIMS.MEMBER','{"role":"claims","keys":"MEMBER_ID, PLAN_NAME, GROUP_NO, SUBSCRIBER_ID"}'),
  ('Coverage','CLINICAL_EMR.EHR.PATIENT_MASTER','{"role":"EMR inline","keys":"INS_PAYER_NAME, INS_MEMBER_ID, INS_GROUP","reconcile":"by MEMBER_ID"}')
AS v(OBJ_TYPE, SOURCE_TABLE, MAPPING_JSON);

-- Identity-resolution rules (degrading-confidence crosswalks the ontology applies)
CREATE TABLE IF NOT EXISTS ONT_IDENTITY_RULE (
    ONTOLOGY_NAME  STRING DEFAULT 'HEALTHCARE_ONTOLOGY',
    CLASS_NAME     STRING,
    PRIORITY       NUMBER,
    ID_SYSTEM      STRING,
    MATCH_KEYS     STRING,
    CONFIDENCE     STRING,
    DESCRIPTION    STRING,
    CREATED_AT     TIMESTAMP_NTZ DEFAULT CURRENT_TIMESTAMP()
);

INSERT INTO ONT_IDENTITY_RULE (CLASS_NAME, PRIORITY, ID_SYSTEM, MATCH_KEYS, CONFIDENCE, DESCRIPTION)
SELECT * FROM VALUES
  ('Patient',1,'INS_MEMBER_ID','PATIENT_MASTER.INS_MEMBER_ID = MEMBER.MEMBER_ID','strong','Primary cross-system patient link (EMR <-> claims).'),
  ('Patient',2,'SSN','PATIENT_MASTER.SSN = MEMBER.MEMBER_SSN = SUBSCRIBER.PATIENT_SSN','medium','Fallback when member id absent; SSN may be NULL in pharmacy.'),
  ('Patient',3,'NAME_DOB','last name + DOB (nickname-tolerant: Bob=Robert, Beth=Elizabeth)','weak','Last-resort for NULL-SSN pharmacy rows.'),
  ('Practitioner',1,'NPI','PHYSICIAN.NPI = RENDERING_PROVIDER.RENDERING_NPI = PRESCRIBER.PRESCRIBER_ID','strong','Universal practitioner identifier across all three systems.'),
  ('Medication',1,'RXNORM','MEDICATION.RXNORM_CODE = NDC_PRODUCT.RXNORM_CODE = (PHARMACY_FILL.NDC -> RxNorm)','strong','Canonical drug key.'),
  ('Medication',2,'NDC_CROSSWALK','PHARMACY_FILL.NDC -> NDC_PRODUCT.RXNORM_CODE','strong','Recovers RxNorm for dispenses keyed by NDC.'),
  ('Medication',3,'NAME_STRENGTH','MEDICATION.DRUG_NAME -> NDC_PRODUCT.GENERIC_NAME + STRENGTH','medium','Recovers RxNorm for EMR orders where RXNORM_CODE is NULL.'),
  ('Condition',1,'ICD10_DOTTED','dotted ICD-10 canonical (claims DX_CODE gets dot re-inserted after char 3)','strong','Aligns E11.9 (EMR) with E119 (claims).'),
  ('Location',1,'POS_VS_DEPT','DEPARTMENT (physical) kept distinct from PLACE_OF_SERVICE (POS category)','n/a','ServiceSetting models POS; Location models departments.')
AS v(CLASS_NAME, PRIORITY, ID_SYSTEM, MATCH_KEYS, CONFIDENCE, DESCRIPTION);
